﻿<?xml version="1.0" encoding="UTF-8" standalone="yes"?>
<updateInfo>
  <version>2.6.1.0</version>
  <url>http://mebiusbox.crap.jp/update/dcm/update.xml</url>
  <updater>
    <url>http://mebiusbox.crap.jp/update/dcm/Updater.exe</url>
    <md5>5B3FCE8CD41CECC27862F15E626EB280</md5>
  </updater>
  <changelog>
    <entry>
      <version>2.6.1.0</version>
      <description> * Fixed: GenThumb.exe が最新のランタイムライブラリを必要としていたのを修正しました。
 * Fixed: DVD情報、EXIF情報オプションの設定が、アプリケーション終了時に保存されない不具合を修正しました。
      </description>
    </entry>
    <entry>
      <version>2.6.0.0</version>
      <description> * Added: Exif 対応
 * Added: カラムセット機能追加
 * Fixed: [#0000157] 検索バーにおいて、オプション「ファイルリスト内」が無効のときに、空の文字列を検索しようとすると異常終了する不具合を修正しました。
 * Fixed: クエリー検索において、文字列のエスケープ処理が不正だった不具合を修正しました。
 * Fixed: 動画サムネイルの拡張子設定で、avi, flv, mp4, wmv, mpg, mpeg 以外を指定しても無視されていた不具合を修正しました。
 * Misc: サムネイル生成を改善。(GenThumb.exe 更新)
 * Misc: TagLibUtil.dll 更新
 * Misc: 処理見直し。
      </description>
    </entry>
    <entry>
      <version>2.5.2.0</version>
      <description> * Fixed: 正規表現検索で「半角と全角を無視する」オプションを有効にすると正常に検索されない不具合を修正しました。（正規表現検索ではこのオプションは無視されます）
 *  Misc: 正規表現検索を完全一致から部分一致に変更。
      </description>
    </entry>
  </changelog>
  <files>
    <entry>
      <filename>DiskCatalogManager.exe</filename>
      <url>http://mebiusbox.crap.jp/update/dcm/DiskCatalogManager.exe</url>
      <md5>4B55E3E7AA31BD23AF0D520C8E75854F</md5>
    </entry>
	<entry>
      <filename>DiskCatalogManager.chm</filename>
      <url>http://mebiusbox.crap.jp/update/dcm/DiskCatalogManager.chm</url>
      <md5>0ED332710172CD6DD8FEFB90DDD41E17</md5>
    </entry>
	<entry>
      <filename>GenThumb.exe</filename>
      <url>http://mebiusbox.crap.jp/update/dcm/GenThumb.exe</url>
      <md5>C2418047829F503B10C15A7AEACE91C2</md5>
    </entry>
	<entry>
      <filename>unreg.exe</filename>
      <url>http://mebiusbox.crap.jp/update/dcm/unreg.exe</url>
      <md5>55B4887DE8456FB3EB7B6A3B23282065</md5>
    </entry>
	<entry>
      <filename>onig.dll</filename>
      <url>http://mebiusbox.crap.jp/update/dcm/onig.dll</url>
      <md5>B9860AEEC1704B98930B478AA7D160DB</md5>
    </entry>
	<entry>
      <filename>parsifal.dll</filename>
      <url>http://mebiusbox.crap.jp/update/dcm/parsifal.dll</url>
      <md5>BB4EE87709173A16B5C90534C76E6628</md5>
    </entry>
	<entry>
      <filename>ChangeLog.txt</filename>
      <url>http://mebiusbox.crap.jp/update/dcm/ChangeLog.txt</url>
      <md5>C0180D71533A8F749FE3ABEA749396B9</md5>
    </entry>
	<entry>
      <filename>readme_j.txt</filename>
      <url>http://mebiusbox.crap.jp/update/dcm/readme_j.txt</url>
      <md5>88FB0C02AC58AA5BCD0D7B2B98F4E9CD</md5>
    </entry>
	<entry>
      <filename>Updater.ini</filename>
      <url>http://mebiusbox.crap.jp/update/dcm/Updater.ini</url>
      <md5>5153CF2B698D0B3C1FB97512967A7446</md5>
    </entry>
	<entry>
      <filename>Updater.txt</filename>
      <url>http://mebiusbox.crap.jp/update/dcm/Updater.txt</url>
      <md5>298F8C39D10D291BE8B99AD195EB6C32</md5>
    </entry>
  </files>
</updateInfo>
