<?xml version="1.0" encoding="UTF-8" standalone="yes"?>
<mebiusbox>
	<command>
		<name>new-tab</name>
		<description>新規タブを開く</description>
	</command>
	<command>
		<name>open-tab</name>
		<description>新規タブを開く（アドレスを指定）</description>
	</command>
	<command>
		<name>close-tab</name>
		<description>タブを閉じる</description>
	</command>
	<command>
		<name>close-all-tabs</name>
		<description>すべてのタブを閉じる</description>
	</command>
	<command>
		<name>close-other-tabs</name>
		<description>カレント以外のタブを閉じる</description>
	</command>
	<command>
		<name>next-tab</name>
		<description>次のタブ</description>
	</command>
	<command>
		<name>prev-tab</name>
		<description>前のタブ</description>
	</command>
	<command>
		<name>goto-tab</name>
		<description>タブを指定</description>
	</command>
	<command>
		<name>empty-recyclebin</name>
		<description>ゴミ箱を空にする</description>
	</command>
	<command>
		<name>option</name>
		<description>オプション</description>
	</command>
	<command>
		<name>manage-theme</name>
		<description>テーマ管理</description>
	</command>
	<command>
		<name>manage-filter</name>
		<description>フィルター管理</description>
	</command>
	<command>
		<name>manage-smart-tag</name>
		<description>スマートタグ管理</description>
	</command>
	<command>
		<name>manage-external-program</name>
		<description>外部プログラム管理</description>
	</command>
	<command>
		<name>open-explorer</name>
		<description>エクスプローラで開く</description>
	</command>
	<command>
		<name>open-prompt</name>
		<description>コマンドプロンプトを開く</description>
	</command>
	<command>
		<name>up</name>
		<description>上のアイテムへ</description>
	</command>
	<command>
		<name>down</name>
		<description>下のアイテムへ</description>
	</command>
	<command>
		<name>left</name>
		<description>左のアイテムへ</description>
	</command>
	<command>
		<name>right</name>
		<description>右のアイテムへ</description>
	</command>
	<command>
		<name>next-page</name>
		<description>次のページへ</description>
	</command>
	<command>
		<name>prev-page</name>
		<description>前のページへ</description>
	</command>
	<command>
		<name>goto-first</name>
		<description>最初のアイテムへ</description>
	</command>
	<command>
		<name>goto-last</name>
		<description>最後のアイテムへ</description>
	</command>
	<command>
		<name>copy</name>
		<description>コピー</description>
	</command>
	<command>
		<name>cut</name>
		<description>カット</description>
	</command>
	<command>
		<name>paste</name>
		<description>ペースト</description>
	</command>
	<command>
		<name>refresh</name>
		<description>更新</description>
	</command>
	<command>
		<name>find</name>
		<description>検索</description>
	</command>
	<command>
		<name>find-next</name>
		<description>次を検索</description>
	</command>
	<command>
		<name>find-prev</name>
		<description>前を検索</description>
	</command>
	<command>
		<name>qsearch</name>
		<description>クイック検索</description>
	</command>
	<command>
		<name>isearch</name>
		<description>インクリメンタルサーチ</description>
	</command>
	<command>
		<name>input-command</name>
		<description>コマンドを入力</description>
	</command>
	<command>
		<name>create-item</name>
		<description>新規アイテム</description>
	</command>
	<command>
		<name>create-items</name>
		<description>新規アイテム（拡張）</description>
	</command>
	<command>
		<name>delete-item</name>
		<description>アイテムを削除</description>
	</command>
	<command>
		<name>shred-item</name>
		<description>アイテムを削除（拡張）</description>
	</command>
	<command>
		<name>recycle-item</name>
		<description>アイテムを削除（ゴミ箱）</description>
	</command>
	<command>
		<name>rename-item</name>
		<description>アイテムの名前を変更</description>
	</command>
	<command>
		<name>rename-items</name>
		<description>アイテムの名前を一括変更</description>
	</command>
	<command>
		<name>duplicate-item</name>
		<description>アイテムを複製</description>
	</command>
	<command>
		<name>modify-item-attribute</name>
		<description>アイテムの属性を変更</description>
	</command>
	<command>
		<name>touch</name>
		<description>日付更新</description>
	</command>
	<command>
		<name>pack</name>
		<description>書庫作成</description>
	</command>
	<command>
		<name>unpack</name>
		<description>書庫解凍</description>
	</command>
	<command>
		<name>copy-to</name>
		<description>コピー先</description>
	</command>
	<command>
		<name>move-to</name>
		<description>移動先</description>
	</command>
	<command>
		<name>unpack-to</name>
		<description>書庫解凍先</description>
	</command>
	<command>
		<name>select-item</name>
		<description>アイテムを選択</description>
	</command>
	<command>
		<name>unselect-item</name>
		<description>アイテムを選択解除</description>
	</command>
	<command>
		<name>select-all-items</name>
		<description>すべてのアイテムを選択</description>
	</command>
	<command>
		<name>unselect-all-items</name>
		<description>すべてのアイテムを選択解除</description>
	</command>
	<command>
		<name>toggle-item-selection</name>
		<description>アイテムの選択状態を切り替える</description>
	</command>
	<command>
		<name>selection-mask</name>
		<description>マスクを使ってアイテムを選択</description>
	</command>
	<command>
		<name>selection-up</name>
		<description>上のアイテムへ（選択）</description>
	</command>
	<command>
		<name>selection-down</name>
		<description>下のアイテムへ（選択）</description>
	</command>
	<command>
		<name>selection-left</name>
		<description>左のアイテムへ（選択）</description>
	</command>
	<command>
		<name>selection-right</name>
		<description>右のアイテムへ（選択）</description>
	</command>
</mebiusbox>
