<?xml version="1.0" encoding="UTF-8"?>
<mebiusbox>
  <item>
    <key>mbx.detail.view.columnset.map.count</key>
    <valuetype>sint</valuetype>
    <value>12</value>
  </item>
  <item>
    <key>mbx.detail.view.columnset.map.0.scheme</key>
    <valuetype>string</valuetype>
    <value>fs</value>
  </item>
  <item>
    <key>mbx.detail.view.columnset.map.0.columnset</key>
    <valuetype>string</valuetype>
    <value>Explorer</value>
  </item>
  <item>
    <key>mbx.detail.view.columnset.map.1.scheme</key>
    <valuetype>string</valuetype>
    <value>csidl</value>
  </item>
  <item>
    <key>mbx.detail.view.columnset.map.1.columnset</key>
    <valuetype>string</valuetype>
    <value>Explorer</value>
  </item>
  <item>
    <key>mbx.detail.view.columnset.map.2.scheme</key>
    <valuetype>string</valuetype>
    <value>itemidlist</value>
  </item>
  <item>
    <key>mbx.detail.view.columnset.map.2.columnset</key>
    <valuetype>string</valuetype>
    <value>Explorer</value>
  </item>
  <item>
    <key>mbx.detail.view.columnset.map.3.scheme</key>
    <valuetype>string</valuetype>
    <value>ftp</value>
  </item>
  <item>
    <key>mbx.detail.view.columnset.map.3.columnset</key>
    <valuetype>string</valuetype>
    <value>Ftp</value>
  </item>
  <item>
    <key>mbx.detail.view.columnset.map.4.scheme</key>
    <valuetype>string</valuetype>
    <value>etp</value>
  </item>
  <item>
    <key>mbx.detail.view.columnset.map.4.columnset</key>
    <valuetype>string</valuetype>
    <value>Explorer</value>
  </item>
  <item>
    <key>mbx.detail.view.columnset.map.5.scheme</key>
    <valuetype>string</valuetype>
    <value>archive</value>
  </item>
  <item>
    <key>mbx.detail.view.columnset.map.5.columnset</key>
    <valuetype>string</valuetype>
    <value>Explorer</value>
  </item>
  <item>
    <key>mbx.detail.view.columnset.map.6.scheme</key>
    <valuetype>string</valuetype>
    <value>feed</value>
  </item>
  <item>
    <key>mbx.detail.view.columnset.map.6.columnset</key>
    <valuetype>string</valuetype>
    <value>RSS Reader</value>
  </item>
  <item>
    <key>mbx.detail.view.columnset.map.7.scheme</key>
    <valuetype>string</valuetype>
    <value>niconico</value>
  </item>
  <item>
    <key>mbx.detail.view.columnset.map.7.columnset</key>
    <valuetype>string</valuetype>
    <value>SmileVideo Ranking</value>
  </item>
  <item>
    <key>mbx.detail.view.columnset.map.8.scheme</key>
    <valuetype>string</valuetype>
    <value>virtual</value>
  </item>
  <item>
    <key>mbx.detail.view.columnset.map.8.columnset</key>
    <valuetype>string</valuetype>
    <value>Explorer</value>
  </item>
  <item>
    <key>mbx.detail.view.columnset.map.9.scheme</key>
    <valuetype>string</valuetype>
    <value>search</value>
  </item>
  <item>
    <key>mbx.detail.view.columnset.map.9.columnset</key>
    <valuetype>string</valuetype>
    <value>Explorer</value>
  </item>
  <item>
    <key>mbx.detail.view.columnset.map.10.scheme</key>
    <valuetype>string</valuetype>
    <value>tag</value>
  </item>
  <item>
    <key>mbx.detail.view.columnset.map.10.columnset</key>
    <valuetype>string</valuetype>
    <value>Explorer</value>
  </item>
  <item>
    <key>mbx.detail.view.columnset.map.11.scheme</key>
    <valuetype>string</valuetype>
    <value>grep</value>
  </item>
  <item>
    <key>mbx.detail.view.columnset.map.11.columnset</key>
    <valuetype>string</valuetype>
    <value>Grep</value>
  </item>
  <item>
    <key>mbx.detail.view.support.scheme</key>
    <valuetype>string</valuetype>
    <value>fs,csidl,itemidlist,archive,ftp,etp,feed,niconico,virtual,search,tag,grep</value>
  </item>
</mebiusbox>
</xml>
