<?xml version="1.0" encoding="UTF-8" standalone="yes"?>
<mebiusbox>
	<columnset>
		<name>Explorer</name>
		<columns>File.DisplayName File.Size File.TypeName File.LastWriteTime File.Tag</columns>
		<order>0,1,2,3,4</order>
		<width>-1,-1,-1,-1,-1</width>
	</columnset>
	<columnset>
		<name>Ftp</name>
		<columns>File.DisplayName File.Size File.TypeName File.LastWriteTime File.Permission</columns>
		<order>0,1,2,3,4</order>
		<width>-1,-1,-1,-1,-1</width>
	</columnset>
	<columnset>
		<name>VideoCodec</name>
		<columns>File.DisplayName File.VideoCodec</columns>
		<order>0,1</order>
		<width>-1,-1</width>
	</columnset>
	<columnset>
		<name>Exif</name>
		<columns>File.DisplayName File.Size File.LastWriteTime File.Exif.CameraMake File.Exif.CameraModel File.Exif.DateTime File.Exif.ImageWidth File.Exif.ImageHeight</columns>
		<order>0,1,2,3,4</order>
		<width>-1,-1,-1,-1,-1</width>
	</columnset>
	<columnset>
		<name>Sound</name>
		<columns>File.DisplayName File.ID3.Title File.ID3.Artist File.ID3.Album File.ID3.Channels File.ID3.BitRate File.ID3.SampleRate File.ID3.Length File.ID3.Year File.ID3.Genre File.ID3.Comment</columns>
		<order>0,1,2,3,4,5,6,7,8,9,10</order>
		<width>-1,-1,-1,-1,-1,-1,-1,-1,-1,-1,-1</width>
	</columnset>
	<columnset>
		<name>Hash</name>
		<columns>File.DisplayName File.Size File.Hash.Crc32 File.Hash.Md5 File.Hash.Sha1</columns>
		<order>0,1,2,3,4</order>
		<width>-1,-1,-1,-1,-1</width>
	</columnset>
	<columnset>
		<name>RSS Reader</name>
		<columns>Feed.Title Date Feed.Description</columns>
		<order>0,1,2</order>
		<width>-1,-1,-1</width>
	</columnset>
	<columnset>
		<name>Grep</name>
		<columns>File.DisplayName File.Size File.LastWriteTime File.Line File.LineContent</columns>
		<order>0,1,2,3,4</order>
		<width>-1,-1,-1,-1,-1</width>
	</columnset>
	<columnset>
		<name>SmileVideo Ranking</name>
		<columns>SmileVideo.Rank SmileVideo.Title SmileVideo.Thumb.ViewCounter SmileVideo.Thumb.CommentNum SmileVideo.Thumb.MylistCounter SmileVideo.Thumb.Description SmileVideo.Thumb.Tag</columns>
		<order>0,1,2,3,4,5,6</order>
		<width>-1,-1,-1,-1,-1,-1,-1</width>
	</columnset>
</mebiusbox>
