<?xml version="1.0" encoding="UTF-8" standalone="yes"?>
<mebiusbox>
	<item>
		<command>cut</command>
		<key>C-x</key>
	</item>
	<item>
		<command>cut</command>
		<key>S-Del</key>
	</item>
	<item>
		<command>copy</command>
		<key>C-c</key>
	</item>
	<item>
		<command>copy</command>
		<key>C-Ins</key>
	</item>
	<item>
		<command>paste</command>
		<key>C-v</key>
	</item>
	<item>
		<command>paste</command>
		<key>S-Ins</key>
	</item>
	<item>
		<command>create-item</command>
		<key>n</key>
	</item>
	<item>
		<command>create-items</command>
		<key>C-n</key>
	</item>
	<item>
		<command>recycle-item</command>
		<key>Del</key>
	</item>
	<item>
		<command>delete-item</command>
		<key>S-Del</key>
	</item>
	<item>
		<command>shred-item</command>
		<key>C-Del</key>
	</item>
	<item>
		<command>rename-item</command>
		<key>F2</key>
	</item>
	<item>
		<command>rename-items</command>
		<key>C-F2</key>
	</item>
	<item>
		<command>execute-item</command>
		<key>Ret</key>
	</item>
	<item>
		<command>duplicate-item</command>
		<key>w</key>
	</item>
	<item>
		<command>modify-item-attribute</command>
		<key>a</key>
	</item>
	<item>
		<command>pack</command>
		<key>p</key>
	</item>
	<item>
		<command>unpack</command>
		<key>u</key>
	</item>
	<item>
		<command>copy-to</command>
		<key>c</key>
	</item>
	<item>
		<command>move-to</command>
		<key>m</key>
	</item>
	<item>
		<command>selection-mask</command>
		<key>C-m</key>
	</item>
	<item>
		<command>down</command>
		<key>Down</key>
	</item>
	<item>
		<command>up</command>
		<key>Up</key>
	</item>
	<item>
		<command>left</command>
		<key>Left</key>
	</item>
	<item>
		<command>right</command>
		<key>Right</key>
	</item>
	<item>
		<command>selection-down</command>
		<key>S-Down</key>
	</item>
	<item>
		<command>selection-up</command>
		<key>S-Up</key>
	</item>
	<item>
		<command>selection-left</command>
		<key>S-Left</key>
	</item>
	<item>
		<command>selection-right</command>
		<key>S-Right</key>
	</item>
	<item>
		<command>next-page</command>
		<key>PageDown</key>
	</item>
	<item>
		<command>prev-page</command>
		<key>PageUp</key>
	</item>
	<item>
		<command>goto-first</command>
		<key>Home</key>
	</item>
	<item>
		<command>goto-last</command>
		<key>End</key>
	</item>
	<item>
		<command>selection-down</command>
		<key>S-Down</key>
	</item>
	<item>
		<command>selection-right</command>
		<key>S-Right</key>
	</item>
	<item>
		<command>selection-up</command>
		<key>S-Up</key>
	</item>
	<item>
		<command>selection-left</command>
		<key>S-Left</key>
	</item>
	<item>
		<command>isearch</command>
		<key>C-i</key>
	</item>
	<item>
		<command>qsearch</command>
		<key>C-f</key>
	</item>
	<item>
		<command>toggle-item-selection</command>
		<key>Spc</key>
	</item>
	<item>
		<command>select-all-items</command>
		<key>C-a</key>
	</item>
	<item>
		<command>unselect-all-items</command>
		<key>S-C-a</key>
	</item>
	<item>
		<command>refresh</command>
		<key>F5</key>
	</item>
</mebiusbox>
