<?xml version="1.0" encoding="UTF-8" standalone="yes"?>
<mebiusbox>
  <item>
    <name>すべて</name>
    <category>ファイル名</category>
    <query>$.File.Name LIKE "*.*"</query>
    <theme></theme>
  </item>
  <item>
    <name>書庫</name>
    <category>ファイル名</category>
    <query>$.File.Name IREGEXP "\.(7z|zip|lzh|cab|rar|bz2|tar|gca|gz|tgz)\z"</query>
    <theme></theme>
  </item>
  <item>
    <name>画像</name>
    <category>ファイル名</category>
    <query>$.File.Name IREGEXP "\.(ai|psd|bmp|jpg|jpeg|j2k|jp2|jpc|jpx|pgm|ppm|ps|raw|tif|tiff|wmf|xcf|pic|png|mng|gif|dds|ico)\z"</query>
    <theme></theme>
  </item>
  <item>
    <name>画像(Adobe)</name>
    <category>ファイル名</category>
    <query>$.File.Name IREGEXP "\.(ai|psd)\z"</query>
    <theme></theme>
  </item>
  <item>
    <name>画像(Jpeg)</name>
    <category>ファイル名</category>
    <query>$.File.Name IREGEXP "\.(jpg|jpeg|j2k|jp2|jpc|jpx)\z"</query>
    <theme></theme>
  </item>
  <item>
    <name>音楽</name>
    <category>ファイル名</category>
    <query>$.File.Name IREGEXP "\.(aac|aif|aiff|ape|au|cda|flac|m3u|mid|midi|mp1|mp2|mp3|ogg|rmp|wav|wma|xa)\z"</query>
    <theme></theme>
  </item>
  <item>
    <name>動画</name>
    <category>ファイル名</category>
    <query>$.File.Name IREGEXP "\.(asf|avi|divx|dv|flv|m1v|m2p|m2t|m2ts|mts|m2v|mkv|mov|qt|mp4|mpg|mpeg|mp2|mpv2|mp2v|ogm|ra|ram|rm|vob|wmv)\z"</query>
    <theme></theme>
  </item>
  <item>
    <name>開発</name>
    <category>ファイル名</category>
    <query>$.File.Name IREGEXP "\.(asm|c|cpp|cxx|c++|h|hpp|hxx|h++|class|cbl|cs|csdproj|csproj|d|def|dsp|hsp|java|js|mak|manifest|obj|rc|rc2|resources|resx|sln|suo|vcproj|tpj|tts|vb|vbp|vbproj|vbs|vcproj|vdproj|vjsproj|vsmacros|hhp)\z"</query>
    <theme></theme>
  </item>
  <item>
    <name>オフィス</name>
    <category>ファイル名</category>
    <query>$.File.Name IREGEXP "\.(doc|docx|dps|et|jaw|jbw|jfw|jhd|jsw|jtd|jtdc|mpp|odb|odf|odg|odp|ods|odt|one|ppt|pptx|sxc|sxd|sxg|sxi|sxm|sxw|vsd|wps|wpt|xls|xlsx)\z"</query>
    <theme></theme>
  </item>
  <item>
    <name>OS</name>
    <category>ファイル名</category>
    <query>$.File.Name IREGEXP "\.(bat|com|exe|dll|inf|ini|bin|lnk|log|scr|reg|ttc|ttf|theme|wsf)\z"</query>
    <theme></theme>
  </item>
  <item>
    <name>Internet</name>
    <category>ファイル名</category>
    <query>$.File.Name IREGEXP "\.(htm|html|xhtml|shtml|css|php|cgi|pl)\z"</query>
    <theme></theme>
  </item>
  <item>
    <name>データ</name>
    <category>ファイル名</category>
    <query>$.File.Name IREGEXP "\.(txt|csv|xml|dat)\z"</query>
    <theme></theme>
  </item>
  <item>
    <name>イメージ</name>
    <category>ファイル名</category>
    <query>$.File.Name IREGEXP "\.(ccd|cdr|cue|fcd|iso|fdd|hdd|img|mdf|nri|vcd|udf)\z"</query>
    <theme></theme>
  </item>
  <item>
    <name>CAD・3DCG</name>
    <category>ファイル名</category>
    <query>$.File.Name IREGEXP "\.(x|blend|dxf|dwg|iges|jwc|jwk|jws|jww|mqo|pov|xsi|mb)\z"</query>
    <theme></theme>
  </item>
  <item>
    <name>スクリプト</name>
    <category>ファイル名</category>
    <query>$.File.Name IREGEXP "\.(js|rb|pl|py|sh|bat|wsh|lua)\z"</query>
    <theme></theme>
  </item>
  <item>
    <name>7z</name>
    <category>拡張子：書庫</category>
    <query>$.File.Name ILIKE "*.7z"</query>
    <theme></theme>
  </item>
  <item>
    <name>zip</name>
    <category>拡張子：書庫</category>
    <query>$.File.Name ILIKE "*.zip"</query>
    <theme></theme>
  </item>
  <item>
    <name>lzh</name>
    <category>拡張子：書庫</category>
    <query>$.File.Name ILIKE "*.lzh"</query>
    <theme></theme>
  </item>
  <item>
    <name>cab</name>
    <category>拡張子：書庫</category>
    <query>$.File.Name ILIKE "*.cab"</query>
    <theme></theme>
  </item>
  <item>
    <name>rar</name>
    <category>拡張子：書庫</category>
    <query>$.File.Name ILIKE "*.rar"</query>
    <theme></theme>
  </item>
  <item>
    <name>bz2</name>
    <category>拡張子：書庫</category>
    <query>$.File.Name ILIKE "*.bz2"</query>
    <theme></theme>
  </item>
  <item>
    <name>tar</name>
    <category>拡張子：書庫</category>
    <query>$.File.Name ILIKE "*.tar"</query>
    <theme></theme>
  </item>
  <item>
    <name>gca</name>
    <category>拡張子：書庫</category>
    <query>$.File.Name ILIKE "*.gca"</query>
    <theme></theme>
  </item>
  <item>
    <name>gz</name>
    <category>拡張子：書庫</category>
    <query>$.File.Name ILIKE "*.gz"</query>
    <theme></theme>
  </item>
  <item>
    <name>tgz</name>
    <category>拡張子：書庫</category>
    <query>$.File.Name ILIKE "*.tgz"</query>
    <theme></theme>
  </item>
  <item>
    <name>ai</name>
    <category>拡張子：画像</category>
    <query>$.File.Name ILIKE "*.ai"</query>
    <theme></theme>
  </item>
  <item>
    <name>psd</name>
    <category>拡張子：画像</category>
    <query>$.File.Name ILIKE "*.psd"</query>
    <theme></theme>
  </item>
  <item>
    <name>bmp</name>
    <category>拡張子：画像</category>
    <query>$.File.Name ILIKE "*.bmp"</query>
    <theme></theme>
  </item>
  <item>
    <name>jpg</name>
    <category>拡張子：画像</category>
    <query>$.File.Name ILIKE "*.jpg"</query>
    <theme></theme>
  </item>
  <item>
    <name>jpeg</name>
    <category>拡張子：画像</category>
    <query>$.File.Name ILIKE "*.jpeg"</query>
    <theme></theme>
  </item>
  <item>
    <name>jpeg(*)</name>
    <category>拡張子：画像</category>
    <query>$.File.Name IREGEXP "$.(jpg|jpeg)\z"</query>
    <theme></theme>
  </item>
  <item>
    <name>j2k</name>
    <category>拡張子：画像</category>
    <query>$.File.Name ILIKE "*.j2k"</query>
    <theme></theme>
  </item>
  <item>
    <name>jp2</name>
    <category>拡張子：画像</category>
    <query>$.File.Name ILIKE "*.jp2"</query>
    <theme></theme>
  </item>
  <item>
    <name>jpc</name>
    <category>拡張子：画像</category>
    <query>$.File.Name ILIKE "*.jpc"</query>
    <theme></theme>
  </item>
  <item>
    <name>jpx</name>
    <category>拡張子：画像</category>
    <query>$.File.Name ILIKE "*.jpx"</query>
    <theme></theme>
  </item>
  <item>
    <name>jpeg2000(*)</name>
    <category>拡張子：画像</category>
    <query>$.File.Name IREGEXP "$.(j2k|jp2|jpc|jpx)\z"</query>
    <theme></theme>
  </item>
  <item>
    <name>pgm</name>
    <category>拡張子：画像</category>
    <query>$.File.Name ILIKE "*.pgm"</query>
    <theme></theme>
  </item>
  <item>
    <name>ppm</name>
    <category>拡張子：画像</category>
    <query>$.File.Name ILIKE "*.ppm"</query>
    <theme></theme>
  </item>
  <item>
    <name>ps</name>
    <category>拡張子：画像</category>
    <query>$.File.Name ILIKE "*.ps"</query>
    <theme></theme>
  </item>
  <item>
    <name>raw</name>
    <category>拡張子：画像</category>
    <query>$.File.Name ILIKE "*.raw"</query>
    <theme></theme>
  </item>
  <item>
    <name>tif</name>
    <category>拡張子：画像</category>
    <query>$.File.Name ILIKE "*.tif"</query>
    <theme></theme>
  </item>
  <item>
    <name>tiff</name>
    <category>拡張子：画像</category>
    <query>$.File.Name ILIKE "*.tiff"</query>
    <theme></theme>
  </item>
  <item>
    <name>tiff(*)</name>
    <category>拡張子：画像</category>
    <query>$.File.Name IREGEXP "$.(tif|tiff)\z"</query>
    <theme></theme>
  </item>
  <item>
    <name>wmf</name>
    <category>拡張子：画像</category>
    <query>$.File.Name ILIKE "*.wmf"</query>
    <theme></theme>
  </item>
  <item>
    <name>xcf</name>
    <category>拡張子：画像</category>
    <query>$.File.Name ILIKE "*.xcf"</query>
    <theme></theme>
  </item>
  <item>
    <name>pic</name>
    <category>拡張子：画像</category>
    <query>$.File.Name ILIKE "*.pic"</query>
    <theme></theme>
  </item>
  <item>
    <name>png</name>
    <category>拡張子：画像</category>
    <query>$.File.Name ILIKE "*.png"</query>
    <theme></theme>
  </item>
  <item>
    <name>mng</name>
    <category>拡張子：画像</category>
    <query>$.File.Name ILIKE "*.mng"</query>
    <theme></theme>
  </item>
  <item>
    <name>gif</name>
    <category>拡張子：画像</category>
    <query>$.File.Name ILIKE "*.gif"</query>
    <theme></theme>
  </item>
  <item>
    <name>dds</name>
    <category>拡張子：画像</category>
    <query>$.File.Name ILIKE "*.dds"</query>
    <theme></theme>
  </item>
  <item>
    <name>ico</name>
    <category>拡張子：画像</category>
    <query>$.File.Name ILIKE "*.ico"</query>
    <theme></theme>
  </item>
  <item>
    <name>aac</name>
    <category>拡張子：音楽</category>
    <query>$.File.Name ILIKE "*.aac"</query>
    <theme></theme>
  </item>
  <item>
    <name>aif</name>
    <category>拡張子：音楽</category>
    <query>$.File.Name ILIKE "*.aif"</query>
    <theme></theme>
  </item>
  <item>
    <name>aiff</name>
    <category>拡張子：音楽</category>
    <query>$.File.Name ILIKE "*.aiff"</query>
    <theme></theme>
  </item>
  <item>
    <name>aiff(*)</name>
    <category>拡張子：音楽</category>
    <query>$.File.Name IREGEXP "$.(aif|aiff)\z"</query>
    <theme></theme>
  </item>
  <item>
    <name>ape</name>
    <category>拡張子：音楽</category>
    <query>$.File.Name ILIKE "*.ape"</query>
    <theme></theme>
  </item>
  <item>
    <name>au</name>
    <category>拡張子：音楽</category>
    <query>$.File.Name ILIKE "*.au"</query>
    <theme></theme>
  </item>
  <item>
    <name>cda</name>
    <category>拡張子：音楽</category>
    <query>$.File.Name ILIKE "*.cda"</query>
    <theme></theme>
  </item>
  <item>
    <name>flac</name>
    <category>拡張子：音楽</category>
    <query>$.File.Name ILIKE "*.flac"</query>
    <theme></theme>
  </item>
  <item>
    <name>m3u</name>
    <category>拡張子：音楽</category>
    <query>$.File.Name ILIKE "*.m3u"</query>
    <theme></theme>
  </item>
  <item>
    <name>mid</name>
    <category>拡張子：音楽</category>
    <query>$.File.Name ILIKE "*.mid"</query>
    <theme></theme>
  </item>
  <item>
    <name>midi</name>
    <category>拡張子：音楽</category>
    <query>$.File.Name ILIKE "*.midi"</query>
    <theme></theme>
  </item>
  <item>
    <name>midi(*)</name>
    <category>拡張子：音楽</category>
    <query>$.File.Name IREGEXP "$.(mid|midi)\z"</query>
    <theme></theme>
  </item>
  <item>
    <name>mp1</name>
    <category>拡張子：音楽</category>
    <query>$.File.Name ILIKE "*.mp1"</query>
    <theme></theme>
  </item>
  <item>
    <name>mp2</name>
    <category>拡張子：音楽</category>
    <query>$.File.Name ILIKE "*.mp2"</query>
    <theme></theme>
  </item>
  <item>
    <name>mp3</name>
    <category>拡張子：音楽</category>
    <query>$.File.Name ILIKE "*.mp3"</query>
    <theme></theme>
  </item>
  <item>
    <name>mpeg(*)</name>
    <category>拡張子：音楽</category>
    <query>$.File.Name IREGEXP "$.(mp1|mp2|mp3)\z"</query>
    <theme></theme>
  </item>
  <item>
    <name>ogg</name>
    <category>拡張子：音楽</category>
    <query>$.File.Name ILIKE "*.ogg"</query>
    <theme></theme>
  </item>
  <item>
    <name>rmp</name>
    <category>拡張子：音楽</category>
    <query>$.File.Name ILIKE "*.rmp"</query>
    <theme></theme>
  </item>
  <item>
    <name>wav</name>
    <category>拡張子：音楽</category>
    <query>$.File.Name ILIKE "*.wav"</query>
    <theme></theme>
  </item>
  <item>
    <name>wma</name>
    <category>拡張子：音楽</category>
    <query>$.File.Name ILIKE "*.wma"</query>
    <theme></theme>
  </item>
  <item>
    <name>xa</name>
    <category>拡張子：音楽</category>
    <query>$.File.Name ILIKE "*.xa"</query>
    <theme></theme>
  </item>
  <item>
    <name>asf</name>
    <category>拡張子：動画</category>
    <query>$.File.Name ILIKE "*.asf"</query>
    <theme></theme>
  </item>
  <item>
    <name>avi</name>
    <category>拡張子：動画</category>
    <query>$.File.Name ILIKE "*.avi"</query>
    <theme></theme>
  </item>
  <item>
    <name>divx</name>
    <category>拡張子：動画</category>
    <query>$.File.Name ILIKE "*.divx"</query>
    <theme></theme>
  </item>
  <item>
    <name>dv</name>
    <category>拡張子：動画</category>
    <query>$.File.Name ILIKE "*.dv"</query>
    <theme></theme>
  </item>
  <item>
    <name>flv</name>
    <category>拡張子：動画</category>
    <query>$.File.Name ILIKE "*.flv"</query>
    <theme></theme>
  </item>
  <item>
    <name>m1v</name>
    <category>拡張子：動画</category>
    <query>$.File.Name ILIKE "*.m1v"</query>
    <theme></theme>
  </item>
  <item>
    <name>m2p</name>
    <category>拡張子：動画</category>
    <query>$.File.Name ILIKE "*.m2p"</query>
    <theme></theme>
  </item>
  <item>
    <name>m2t</name>
    <category>拡張子：動画</category>
    <query>$.File.Name ILIKE "*.m2t"</query>
    <theme></theme>
  </item>
  <item>
    <name>m2ts</name>
    <category>拡張子：動画</category>
    <query>$.File.Name ILIKE "*.m2ts"</query>
    <theme></theme>
  </item>
  <item>
    <name>mts</name>
    <category>拡張子：動画</category>
    <query>$.File.Name ILIKE "*.mts"</query>
    <theme></theme>
  </item>
  <item>
    <name>m2v</name>
    <category>拡張子：動画</category>
    <query>$.File.Name ILIKE "*.m2v"</query>
    <theme></theme>
  </item>
  <item>
    <name>mkv</name>
    <category>拡張子：動画</category>
    <query>$.File.Name ILIKE "*.mkv"</query>
    <theme></theme>
  </item>
  <item>
    <name>mov</name>
    <category>拡張子：動画</category>
    <query>$.File.Name ILIKE "*.mov"</query>
    <theme></theme>
  </item>
  <item>
    <name>qt</name>
    <category>拡張子：動画</category>
    <query>$.File.Name ILIKE "*.qt"</query>
    <theme></theme>
  </item>
  <item>
    <name>mp4</name>
    <category>拡張子：動画</category>
    <query>$.File.Name ILIKE "*.mp4"</query>
    <theme></theme>
  </item>
  <item>
    <name>mpg</name>
    <category>拡張子：動画</category>
    <query>$.File.Name ILIKE "*.mpg"</query>
    <theme></theme>
  </item>
  <item>
    <name>mpeg</name>
    <category>拡張子：動画</category>
    <query>$.File.Name ILIKE "*.mpeg"</query>
    <theme></theme>
  </item>
  <item>
    <name>mpeg(*)</name>
    <category>拡張子：動画</category>
    <query>$.File.Name IREGEXP "$.(mpg|mpeg)\z"</query>
    <theme></theme>
  </item>
  <item>
    <name>mp2</name>
    <category>拡張子：動画</category>
    <query>$.File.Name ILIKE "*.mp2"</query>
    <theme></theme>
  </item>
  <item>
    <name>mp2v</name>
    <category>拡張子：動画</category>
    <query>$.File.Name ILIKE "*.mp2v"</query>
    <theme></theme>
  </item>
  <item>
    <name>ogm</name>
    <category>拡張子：動画</category>
    <query>$.File.Name ILIKE "*.ogm"</query>
    <theme></theme>
  </item>
  <item>
    <name>ra</name>
    <category>拡張子：動画</category>
    <query>$.File.Name ILIKE "*.ra"</query>
    <theme></theme>
  </item>
  <item>
    <name>ram</name>
    <category>拡張子：動画</category>
    <query>$.File.Name ILIKE "*.ram"</query>
    <theme></theme>
  </item>
  <item>
    <name>rm</name>
    <category>拡張子：動画</category>
    <query>$.File.Name ILIKE "*.rm"</query>
    <theme></theme>
  </item>
  <item>
    <name>RealAudio(*)</name>
    <category>拡張子：動画</category>
    <query>$.File.Name IREGEXP "$.(rm|ram|ra)\z"</query>
    <theme></theme>
  </item>
  <item>
    <name>vob</name>
    <category>拡張子：動画</category>
    <query>$.File.Name ILIKE "*.vob"</query>
    <theme></theme>
  </item>
  <item>
    <name>wmv</name>
    <category>拡張子：動画</category>
    <query>$.File.Name ILIKE "*.wmv"</query>
    <theme></theme>
  </item>
  <item>
    <name>asm</name>
    <category>拡張子：開発</category>
    <query>$.File.Name ILIKE "*.asm"</query>
    <theme></theme>
  </item>
  <item>
    <name>c</name>
    <category>拡張子：開発</category>
    <query>$.File.Name ILIKE "*.c"</query>
    <theme></theme>
  </item>
  <item>
    <name>cpp</name>
    <category>拡張子：開発</category>
    <query>$.File.Name ILIKE "*.cpp"</query>
    <theme></theme>
  </item>
  <item>
    <name>cxx</name>
    <category>拡張子：開発</category>
    <query>$.File.Name ILIKE "*.cxx"</query>
    <theme></theme>
  </item>
  <item>
    <name>c++</name>
    <category>拡張子：開発</category>
    <query>$.File.Name ILIKE "*.c++"</query>
    <theme></theme>
  </item>
  <item>
    <name>h</name>
    <category>拡張子：開発</category>
    <query>$.File.Name ILIKE "*.h"</query>
    <theme></theme>
  </item>
  <item>
    <name>hpp</name>
    <category>拡張子：開発</category>
    <query>$.File.Name ILIKE "*.hpp"</query>
    <theme></theme>
  </item>
  <item>
    <name>hxx</name>
    <category>拡張子：開発</category>
    <query>$.File.Name ILIKE "*.hxx"</query>
    <theme></theme>
  </item>
  <item>
    <name>h++</name>
    <category>拡張子：開発</category>
    <query>$.File.Name ILIKE "*.h++"</query>
    <theme></theme>
  </item>
  <item>
    <name>class</name>
    <category>拡張子：開発</category>
    <query>$.File.Name ILIKE "*.class"</query>
    <theme></theme>
  </item>
  <item>
    <name>cbl</name>
    <category>拡張子：開発</category>
    <query>$.File.Name ILIKE "*.cbl"</query>
    <theme></theme>
  </item>
  <item>
    <name>cs</name>
    <category>拡張子：開発</category>
    <query>$.File.Name ILIKE "*.cs"</query>
    <theme></theme>
  </item>
  <item>
    <name>csdproj</name>
    <category>拡張子：開発</category>
    <query>$.File.Name ILIKE "*.csdproj"</query>
    <theme></theme>
  </item>
  <item>
    <name>csproj</name>
    <category>拡張子：開発</category>
    <query>$.File.Name ILIKE "*.csproj"</query>
    <theme></theme>
  </item>
  <item>
    <name>d</name>
    <category>拡張子：開発</category>
    <query>$.File.Name ILIKE "*.d"</query>
    <theme></theme>
  </item>
  <item>
    <name>def</name>
    <category>拡張子：開発</category>
    <query>$.File.Name ILIKE "*.def"</query>
    <theme></theme>
  </item>
  <item>
    <name>dsp</name>
    <category>拡張子：開発</category>
    <query>$.File.Name ILIKE "*.dsp"</query>
    <theme></theme>
  </item>
  <item>
    <name>hsp</name>
    <category>拡張子：開発</category>
    <query>$.File.Name ILIKE "*.hsp"</query>
    <theme></theme>
  </item>
  <item>
    <name>java</name>
    <category>拡張子：開発</category>
    <query>$.File.Name ILIKE "*.java"</query>
    <theme></theme>
  </item>
  <item>
    <name>js</name>
    <category>拡張子：開発</category>
    <query>$.File.Name ILIKE "*.js"</query>
    <theme></theme>
  </item>
  <item>
    <name>mak</name>
    <category>拡張子：開発</category>
    <query>$.File.Name ILIKE "*.mak"</query>
    <theme></theme>
  </item>
  <item>
    <name>manifest</name>
    <category>拡張子：開発</category>
    <query>$.File.Name ILIKE "*.manifest"</query>
    <theme></theme>
  </item>
  <item>
    <name>obj</name>
    <category>拡張子：開発</category>
    <query>$.File.Name ILIKE "*.obj"</query>
    <theme></theme>
  </item>
  <item>
    <name>rc</name>
    <category>拡張子：開発</category>
    <query>$.File.Name ILIKE "*.rc"</query>
    <theme></theme>
  </item>
  <item>
    <name>rc2</name>
    <category>拡張子：開発</category>
    <query>$.File.Name ILIKE "*.rc2"</query>
    <theme></theme>
  </item>
  <item>
    <name>resources</name>
    <category>拡張子：開発</category>
    <query>$.File.Name ILIKE "*.resources"</query>
    <theme></theme>
  </item>
  <item>
    <name>resx</name>
    <category>拡張子：開発</category>
    <query>$.File.Name ILIKE "*.resx"</query>
    <theme></theme>
  </item>
  <item>
    <name>sln</name>
    <category>拡張子：開発</category>
    <query>$.File.Name ILIKE "*.sln"</query>
    <theme></theme>
  </item>
  <item>
    <name>suo</name>
    <category>拡張子：開発</category>
    <query>$.File.Name ILIKE "*.suo"</query>
    <theme></theme>
  </item>
  <item>
    <name>vcproj</name>
    <category>拡張子：開発</category>
    <query>$.File.Name ILIKE "*.vcproj"</query>
    <theme></theme>
  </item>
  <item>
    <name>tpj</name>
    <category>拡張子：開発</category>
    <query>$.File.Name ILIKE "*.tpj"</query>
    <theme></theme>
  </item>
  <item>
    <name>tts</name>
    <category>拡張子：開発</category>
    <query>$.File.Name ILIKE "*.tts"</query>
    <theme></theme>
  </item>
  <item>
    <name>vb</name>
    <category>拡張子：開発</category>
    <query>$.File.Name ILIKE "*.vb"</query>
    <theme></theme>
  </item>
  <item>
    <name>vbp</name>
    <category>拡張子：開発</category>
    <query>$.File.Name ILIKE "*.vbp"</query>
    <theme></theme>
  </item>
  <item>
    <name>vbproj</name>
    <category>拡張子：開発</category>
    <query>$.File.Name ILIKE "*.vbproj"</query>
    <theme></theme>
  </item>
  <item>
    <name>vdproj</name>
    <category>拡張子：開発</category>
    <query>$.File.Name ILIKE "*.vdproj"</query>
    <theme></theme>
  </item>
  <item>
    <name>vjsproj</name>
    <category>拡張子：開発</category>
    <query>$.File.Name ILIKE "*.vjsproj"</query>
    <theme></theme>
  </item>
  <item>
    <name>vsmacros</name>
    <category>拡張子：開発</category>
    <query>$.File.Name ILIKE "*.vsmacros"</query>
    <theme></theme>
  </item>
  <item>
    <name>hhp</name>
    <category>拡張子：開発</category>
    <query>$.File.Name ILIKE "*.hhp"</query>
    <theme></theme>
  </item>
  <item>
    <name>Microsoft Office(*)</name>
    <category>拡張子：オフィス</category>
    <query>$.File.Name IREGEXP "$.(doc|docx|mpp|one|ppt|pptx|xls|xlsx|vsd)\z"</query>
    <theme></theme>
  </item>
  <item>
    <name>OpenOffice(*)</name>
    <category>拡張子：オフィス</category>
    <query>$.File.Name IREGEXP "$.(sxc|sxd|sxg|sxi|sxm|sxw)\z"</query>
    <theme></theme>
  </item>
  <item>
    <name>OpenDocument(*)</name>
    <category>拡張子：オフィス</category>
    <query>$.File.Name IREGEXP "$.(odb|odf|odg|odp|ods|odt)\z"</query>
    <theme></theme>
  </item>
  <item>
    <name>一太郎(*)</name>
    <category>拡張子：オフィス</category>
    <query>$.File.Name IREGEXP "$.(jaw|jbw|jfw|jhd|jsw|jtd|jtdc)\z"</query>
    <theme></theme>
  </item>
  <item>
    <name>Kingsoft Office(*)</name>
    <category>拡張子：オフィス</category>
    <query>$.File.Name IREGEXP "$.(dps|et|wps)\z"</query>
    <theme></theme>
  </item>
  <item>
    <name>doc</name>
    <category>拡張子：オフィス</category>
    <query>$.File.Name ILIKE "*.doc"</query>
    <theme></theme>
  </item>
  <item>
    <name>docx</name>
    <category>拡張子：オフィス</category>
    <query>$.File.Name ILIKE "*.docx"</query>
    <theme></theme>
  </item>
  <item>
    <name>dps</name>
    <category>拡張子：オフィス</category>
    <query>$.File.Name ILIKE "*.dps"</query>
    <theme></theme>
  </item>
  <item>
    <name>et</name>
    <category>拡張子：オフィス</category>
    <query>$.File.Name ILIKE "*.et"</query>
    <theme></theme>
  </item>
  <item>
    <name>jaw</name>
    <category>拡張子：オフィス</category>
    <query>$.File.Name ILIKE "*.jaw"</query>
    <theme></theme>
  </item>
  <item>
    <name>jbw</name>
    <category>拡張子：オフィス</category>
    <query>$.File.Name ILIKE "*.jbw"</query>
    <theme></theme>
  </item>
  <item>
    <name>jfw</name>
    <category>拡張子：オフィス</category>
    <query>$.File.Name ILIKE "*.jfw"</query>
    <theme></theme>
  </item>
  <item>
    <name>jhd</name>
    <category>拡張子：オフィス</category>
    <query>$.File.Name ILIKE "*.jhd"</query>
    <theme></theme>
  </item>
  <item>
    <name>jsw</name>
    <category>拡張子：オフィス</category>
    <query>$.File.Name ILIKE "*.jsw"</query>
    <theme></theme>
  </item>
  <item>
    <name>jtd</name>
    <category>拡張子：オフィス</category>
    <query>$.File.Name ILIKE "*.jtd"</query>
    <theme></theme>
  </item>
  <item>
    <name>jtdc</name>
    <category>拡張子：オフィス</category>
    <query>$.File.Name ILIKE "*.jtdc"</query>
    <theme></theme>
  </item>
  <item>
    <name>mpp</name>
    <category>拡張子：オフィス</category>
    <query>$.File.Name ILIKE "*.mpp"</query>
    <theme></theme>
  </item>
  <item>
    <name>odb</name>
    <category>拡張子：オフィス</category>
    <query>$.File.Name ILIKE "*.odb"</query>
    <theme></theme>
  </item>
  <item>
    <name>odf</name>
    <category>拡張子：オフィス</category>
    <query>$.File.Name ILIKE "*.odg"</query>
    <theme></theme>
  </item>
  <item>
    <name>odp</name>
    <category>拡張子：オフィス</category>
    <query>$.File.Name ILIKE "*.odp"</query>
    <theme></theme>
  </item>
  <item>
    <name>ods</name>
    <category>拡張子：オフィス</category>
    <query>$.File.Name ILIKE "*.ods"</query>
    <theme></theme>
  </item>
  <item>
    <name>odt</name>
    <category>拡張子：オフィス</category>
    <query>$.File.Name ILIKE "*.one"</query>
    <theme></theme>
  </item>
  <item>
    <name>ppt</name>
    <category>拡張子：オフィス</category>
    <query>$.File.Name ILIKE "*.ppt"</query>
    <theme></theme>
  </item>
  <item>
    <name>pptx</name>
    <category>拡張子：オフィス</category>
    <query>$.File.Name ILIKE "*.pptx"</query>
    <theme></theme>
  </item>
  <item>
    <name>sxc</name>
    <category>拡張子：オフィス</category>
    <query>$.File.Name ILIKE "*.sxc"</query>
    <theme></theme>
  </item>
  <item>
    <name>sxd</name>
    <category>拡張子：オフィス</category>
    <query>$.File.Name ILIKE "*.sxd"</query>
    <theme></theme>
  </item>
  <item>
    <name>sxg</name>
    <category>拡張子：オフィス</category>
    <query>$.File.Name ILIKE "*.sxg"</query>
    <theme></theme>
  </item>
  <item>
    <name>sxi</name>
    <category>拡張子：オフィス</category>
    <query>$.File.Name ILIKE "*.sxi"</query>
    <theme></theme>
  </item>
  <item>
    <name>sxm</name>
    <category>拡張子：オフィス</category>
    <query>$.File.Name ILIKE "*.sxm"</query>
    <theme></theme>
  </item>
  <item>
    <name>sxw</name>
    <category>拡張子：オフィス</category>
    <query>$.File.Name ILIKE "*.sxw"</query>
    <theme></theme>
  </item>
  <item>
    <name>vsd</name>
    <category>拡張子：オフィス</category>
    <query>$.File.Name ILIKE "*.vsd"</query>
    <theme></theme>
  </item>
  <item>
    <name>wps</name>
    <category>拡張子：オフィス</category>
    <query>$.File.Name ILIKE "*.wps"</query>
    <theme></theme>
  </item>
  <item>
    <name>wpt</name>
    <category>拡張子：オフィス</category>
    <query>$.File.Name ILIKE "*.wps"</query>
    <theme></theme>
  </item>
  <item>
    <name>xls</name>
    <category>拡張子：オフィス</category>
    <query>$.File.Name ILIKE "*.xls"</query>
    <theme></theme>
  </item>
  <item>
    <name>xlsx</name>
    <category>拡張子：オフィス</category>
    <query>$.File.Name ILIKE "*.xlsx"</query>
    <theme></theme>
  </item>
  <item>
    <name>bat</name>
    <category>拡張子：OS</category>
    <query>$.File.Name ILIKE "*.bat"</query>
    <theme></theme>
  </item>
  <item>
    <name>com</name>
    <category>拡張子：OS</category>
    <query>$.File.Name ILIKE "*.com"</query>
    <theme></theme>
  </item>
  <item>
    <name>exe</name>
    <category>拡張子：OS</category>
    <query>$.File.Name ILIKE "*.exe"</query>
    <theme></theme>
  </item>
  <item>
    <name>dll</name>
    <category>拡張子：OS</category>
    <query>$.File.Name ILIKE "*.dll"</query>
    <theme></theme>
  </item>
  <item>
    <name>inf</name>
    <category>拡張子：OS</category>
    <query>$.File.Name ILIKE "*.inf"</query>
    <theme></theme>
  </item>
  <item>
    <name>ini</name>
    <category>拡張子：OS</category>
    <query>$.File.Name ILIKE "*.ini"</query>
    <theme></theme>
  </item>
  <item>
    <name>bin</name>
    <category>拡張子：OS</category>
    <query>$.File.Name ILIKE "*.bin"</query>
    <theme></theme>
  </item>
  <item>
    <name>lnk</name>
    <category>拡張子：OS</category>
    <query>$.File.Name ILIKE "*.lnk"</query>
    <theme></theme>
  </item>
  <item>
    <name>log</name>
    <category>拡張子：OS</category>
    <query>$.File.Name ILIKE "*.log"</query>
    <theme></theme>
  </item>
  <item>
    <name>scr</name>
    <category>拡張子：OS</category>
    <query>$.File.Name ILIKE "*.scr"</query>
    <theme></theme>
  </item>
  <item>
    <name>reg</name>
    <category>拡張子：OS</category>
    <query>$.File.Name ILIKE "*.reg"</query>
    <theme></theme>
  </item>
  <item>
    <name>ttc</name>
    <category>拡張子：OS</category>
    <query>$.File.Name ILIKE "*.ttc"</query>
    <theme></theme>
  </item>
  <item>
    <name>ttf</name>
    <category>拡張子：OS</category>
    <query>$.File.Name ILIKE "*.ttf"</query>
    <theme></theme>
  </item>
  <item>
    <name>theme</name>
    <category>拡張子：OS</category>
    <query>$.File.Name ILIKE "*.theme"</query>
    <theme></theme>
  </item>
  <item>
    <name>wsf</name>
    <category>拡張子：OS</category>
    <query>$.File.Name ILIKE "*.wsf"</query>
    <theme></theme>
  </item>
  <item>
    <name>htm</name>
    <category>拡張子：Internet</category>
    <query>$.File.Name ILIKE "*.htm"</query>
    <theme></theme>
  </item>
  <item>
    <name>html</name>
    <category>拡張子：Internet</category>
    <query>$.File.Name ILIKE "*.html"</query>
    <theme></theme>
  </item>
  <item>
    <name>xhtml</name>
    <category>拡張子：Internet</category>
    <query>$.File.Name ILIKE "*.xhtml"</query>
    <theme></theme>
  </item>
  <item>
    <name>shtml</name>
    <category>拡張子：Internet</category>
    <query>$.File.Name ILIKE "*.shtml"</query>
    <theme></theme>
  </item>
  <item>
    <name>css</name>
    <category>拡張子：Internet</category>
    <query>$.File.Name ILIKE "*.css"</query>
    <theme></theme>
  </item>
  <item>
    <name>php</name>
    <category>拡張子：Internet</category>
    <query>$.File.Name ILIKE "*.php"</query>
    <theme></theme>
  </item>
  <item>
    <name>cgi</name>
    <category>拡張子：Internet</category>
    <query>$.File.Name ILIKE "*.cgi"</query>
    <theme></theme>
  </item>
  <item>
    <name>pl</name>
    <category>拡張子：Internet</category>
    <query>$.File.Name ILIKE "*.pl"</query>
    <theme></theme>
  </item>
  <item>
    <name>txt</name>
    <category>拡張子：データ</category>
    <query>$.File.Name ILIKE "*.txt"</query>
    <theme></theme>
  </item>
  <item>
    <name>csv</name>
    <category>拡張子：データ</category>
    <query>$.File.Name ILIKE "*.csv"</query>
    <theme></theme>
  </item>
  <item>
    <name>xml</name>
    <category>拡張子：データ</category>
    <query>$.File.Name ILIKE "*.xml"</query>
    <theme></theme>
  </item>
  <item>
    <name>dat</name>
    <category>拡張子：データ</category>
    <query>$.File.Name ILIKE "*.dat"</query>
    <theme></theme>
  </item>
  <item>
    <name>ccd</name>
    <category>拡張子：イメージ</category>
    <query>$.File.Name ILIKE "*.ccd"</query>
    <theme></theme>
  </item>
  <item>
    <name>cdr</name>
    <category>拡張子：イメージ</category>
    <query>$.File.Name ILIKE "*.cdr"</query>
    <theme></theme>
  </item>
  <item>
    <name>cue</name>
    <category>拡張子：イメージ</category>
    <query>$.File.Name ILIKE "*.cue"</query>
    <theme></theme>
  </item>
  <item>
    <name>fcd</name>
    <category>拡張子：イメージ</category>
    <query>$.File.Name ILIKE "*.fcd"</query>
    <theme></theme>
  </item>
  <item>
    <name>iso</name>
    <category>拡張子：イメージ</category>
    <query>$.File.Name ILIKE "*.iso"</query>
    <theme></theme>
  </item>
  <item>
    <name>fdd</name>
    <category>拡張子：イメージ</category>
    <query>$.File.Name ILIKE "*.fdd"</query>
    <theme></theme>
  </item>
  <item>
    <name>hdd</name>
    <category>拡張子：イメージ</category>
    <query>$.File.Name ILIKE "*.hdd"</query>
    <theme></theme>
  </item>
  <item>
    <name>img</name>
    <category>拡張子：イメージ</category>
    <query>$.File.Name ILIKE "*.img"</query>
    <theme></theme>
  </item>
  <item>
    <name>mdf</name>
    <category>拡張子：イメージ</category>
    <query>$.File.Name ILIKE "*.mdf"</query>
    <theme></theme>
  </item>
  <item>
    <name>nri</name>
    <category>拡張子：イメージ</category>
    <query>$.File.Name ILIKE "*.nri"</query>
    <theme></theme>
  </item>
  <item>
    <name>udf</name>
    <category>拡張子：イメージ</category>
    <query>$.File.Name ILIKE "*.udf"</query>
    <theme></theme>
  </item>
  <item>
    <name>vcd</name>
    <category>拡張子：イメージ</category>
    <query>$.File.Name ILIKE "*.vcd"</query>
    <theme></theme>
  </item>
  <item>
    <name>x</name>
    <category>拡張子：CAD・3DCG</category>
    <query>$.File.Name ILIKE "*.x"</query>
    <theme></theme>
  </item>
  <item>
    <name>blend</name>
    <category>拡張子：CAD・3DCG</category>
    <query>$.File.Name ILIKE "*.blend"</query>
    <theme></theme>
  </item>
  <item>
    <name>dxf</name>
    <category>拡張子：CAD・3DCG</category>
    <query>$.File.Name ILIKE "*.dxf"</query>
    <theme></theme>
  </item>
  <item>
    <name>dwg</name>
    <category>拡張子：CAD・3DCG</category>
    <query>$.File.Name ILIKE "*.dwg"</query>
    <theme></theme>
  </item>
  <item>
    <name>iges</name>
    <category>拡張子：CAD・3DCG</category>
    <query>$.File.Name ILIKE "*.iges"</query>
    <theme></theme>
  </item>
  <item>
    <name>jwc</name>
    <category>拡張子：CAD・3DCG</category>
    <query>$.File.Name ILIKE "*.jwc"</query>
    <theme></theme>
  </item>
  <item>
    <name>jwk</name>
    <category>拡張子：CAD・3DCG</category>
    <query>$.File.Name ILIKE "*.jwk"</query>
    <theme></theme>
  </item>
  <item>
    <name>jws</name>
    <category>拡張子：CAD・3DCG</category>
    <query>$.File.Name ILIKE "*.jws"</query>
    <theme></theme>
  </item>
  <item>
    <name>jww</name>
    <category>拡張子：CAD・3DCG</category>
    <query>$.File.Name ILIKE "*.jww"</query>
    <theme></theme>
  </item>
  <item>
    <name>mqo</name>
    <category>拡張子：CAD・3DCG</category>
    <query>$.File.Name ILIKE "*.mqo"</query>
    <theme></theme>
  </item>
  <item>
    <name>pov</name>
    <category>拡張子：CAD・3DCG</category>
    <query>$.File.Name ILIKE "*.pov"</query>
    <theme></theme>
  </item>
  <item>
    <name>xsi</name>
    <category>拡張子：CAD・3DCG</category>
    <query>$.File.Name ILIKE "*.xsi"</query>
    <theme></theme>
  </item>
  <item>
    <name>mb</name>
    <category>拡張子：CAD・3DCG</category>
    <query>$.File.Name ILIKE "*.mb"</query>
    <theme></theme>
  </item>
  <item>
    <name>js</name>
    <category>拡張子：スクリプト</category>
    <query>$.File.Name LIKE "*.js"</query>
    <theme></theme>
  </item>
  <item>
    <name>rb</name>
    <category>拡張子：スクリプト</category>
    <query>$.File.Name LIKE "*.rb"</query>
    <theme></theme>
  </item>
  <item>
    <name>pl</name>
    <category>拡張子：スクリプト</category>
    <query>$.File.Name LIKE "*.pl"</query>
    <theme></theme>
  </item>
  <item>
    <name>py</name>
    <category>拡張子：スクリプト</category>
    <query>$.File.Name LIKE "*.py"</query>
    <theme></theme>
  </item>
  <item>
    <name>sh</name>
    <category>拡張子：スクリプト</category>
    <query>$.File.Name LIKE "*.sh"</query>
    <theme></theme>
  </item>
  <item>
    <name>bat</name>
    <category>拡張子：スクリプト</category>
    <query>$.File.Name LIKE "*.bat"</query>
    <theme></theme>
  </item>
  <item>
    <name>wsh</name>
    <category>拡張子：スクリプト</category>
    <query>$.File.Name LIKE "*.wsh"</query>
    <theme></theme>
  </item>
  <item>
    <name>lua</name>
    <category>拡張子：スクリプト</category>
    <query>$.File.Name LIKE "*.lua"</query>
    <theme></theme>
  </item>
  <item>
    <name>動画</name>
    <category>タグ</category>
    <query>$.File.Tag FIND "動画"</query>
    <theme></theme>
  </item>
  <item>
    <name>画像</name>
    <category>タグ</category>
    <query>$.File.Tag FIND "画像"</query>
    <theme></theme>
  </item>
  <item>
    <name>音楽</name>
    <category>タグ</category>
    <query>$.File.Tag FIND "音楽"</query>
    <theme></theme>
  </item>
  <item>
    <name>文書</name>
    <category>タグ</category>
    <query>$.File.Tag FIND "文書"</query>
    <theme></theme>
  </item>
  <item>
    <name>書類</name>
    <category>タグ</category>
    <query>$.File.Tag FIND "書類"</query>
    <theme></theme>
  </item>
  <item>
    <name>原稿</name>
    <category>タグ</category>
    <query>$.File.Tag FIND "原稿"</query>
    <theme></theme>
  </item>
  <item>
    <name>今日</name>
    <category>作成時間</category>
    <query>$.File.CreationTime.ymd = "today"</query>
    <theme></theme>
  </item>
  <item>
    <name>昨日</name>
    <category>作成時間</category>
    <query>$.File.CreationTime.ymd = "today.day -1"</query>
    <theme></theme>
  </item>
  <item>
    <name>一週間以内</name>
    <category>作成時間</category>
    <query>$.File.CreationTime &gt;= "today.day -7" $.File.CreationTime &lt;= "today"</query>
    <theme></theme>
  </item>
  <item>
    <name>一ヶ月以内</name>
    <category>作成時間</category>
    <query>$.File.CreationTime &gt;= "today.month -1" $.File.CreationTime &lt;= "today"</query>
    <theme></theme>
  </item>
  <item>
    <name>今週</name>
    <category>作成時間</category>
    <query>$.File.CreationTime &gt;= "today.dayofweek =0" $.File.CreationTime &lt;= "today"</query>
    <theme></theme>
  </item>
  <item>
    <name>今月</name>
    <category>作成時間</category>
    <query>$.File.CreationTime &gt;= "today.day =1" $.File.CreationTime &lt;= "today"</query>
    <theme></theme>
  </item>
  <item>
    <name>今年</name>
    <category>作成時間</category>
    <query>$.File.CreationTime &gt;= "today.month =1" $.File.CreationTime &lt;= "today"</query>
    <theme></theme>
  </item>
  <item>
    <name>先週</name>
    <category>作成時間</category>
    <query>$.File.CreationTime &gt;= "today.dayofweek =0 time.day -7" $.File.CreationTime &lt; "today.dayofweek =0"</query>
    <theme></theme>
  </item>
  <item>
    <name>先月</name>
    <category>作成時間</category>
    <query>$.File.CreationTime &gt;= "today.month -1 time.day =1" $.File.CreationTime &lt; "time.day =1"</query>
    <theme></theme>
  </item>
  <item>
    <name>去年</name>
    <category>作成時間</category>
    <query>$.File.CreationTime &gt;= "today.year -1 time.month =1" $.File.CreationTime &lt; "today.month =1"</query>
    <theme></theme>
  </item>
  <item>
    <name>今日</name>
    <category>最終アクセス時間</category>
    <query>$.File.LastAccessTime.ymd = "today"</query>
    <theme></theme>
  </item>
  <item>
    <name>昨日</name>
    <category>最終アクセス時間</category>
    <query>$.File.LastAccessTime.ymd = "today.day -1"</query>
    <theme></theme>
  </item>
  <item>
    <name>一週間以内</name>
    <category>最終アクセス時間</category>
    <query>$.File.LastAccessTime &gt;= "today.day -7" $.File.LastAccessTime &lt;= "today"</query>
    <theme></theme>
  </item>
  <item>
    <name>一ヶ月以内</name>
    <category>最終アクセス時間</category>
    <query>$.File.LastAccessTime &gt;= "today.month -1" $.File.LastAccessTime &lt;= "today"</query>
    <theme></theme>
  </item>
  <item>
    <name>今週</name>
    <category>最終アクセス時間</category>
    <query>$.File.LastAccessTime &gt;= "today.dayofweek =0" $.File.LastAccessTime &lt;= "today"</query>
    <theme></theme>
  </item>
  <item>
    <name>今月</name>
    <category>最終アクセス時間</category>
    <query>$.File.LastAccessTime &gt;= "today.day =1" $.File.LastAccessTime &lt;= "today"</query>
    <theme></theme>
  </item>
  <item>
    <name>今年</name>
    <category>最終アクセス時間</category>
    <query>$.File.LastAccessTime &gt;= "today.month =1" $.File.LastAccessTime &lt;= "today"</query>
    <theme></theme>
  </item>
  <item>
    <name>先週</name>
    <category>最終アクセス時間</category>
    <query>$.File.LastAccessTime &gt;= "today.dayofweek =0 time.day -7" $.File.LastAccessTime &lt; "today.dayofweek =0"</query>
    <theme></theme>
  </item>
  <item>
    <name>先月</name>
    <category>最終アクセス時間</category>
    <query>$.File.LastAccessTime &gt;= "today.month -1 time.day =1" $.File.LastAccessTime &lt; "today.day =1"</query>
    <theme></theme>
  </item>
  <item>
    <name>去年</name>
    <category>最終アクセス時間</category>
    <query>$.File.LastAccessTime &gt;= "today.year -1 time.month =1" $.File.LastAccessTime &lt; "today.month =1"</query>
    <theme></theme>
  </item>
  <item>
    <name>今日</name>
    <category>最終更新時間</category>
    <query>$.File.LastWriteTime.ymd = "today"</query>
    <theme></theme>
  </item>
  <item>
    <name>昨日</name>
    <category>最終更新時間</category>
    <query>$.File.LastWriteTime.ymd = "today.day -1"</query>
    <theme></theme>
  </item>
  <item>
    <name>一週間以内</name>
    <category>最終更新時間</category>
    <query>$.File.LastWriteTime &gt;= "today.day -7" $.File.LastWriteTime &lt;= "today"</query>
    <theme></theme>
  </item>
  <item>
    <name>一ヶ月以内</name>
    <category>最終更新時間</category>
    <query>$.File.LastWriteTime &gt;= "today.month -1" $.File.LastWriteTime &lt;= "today"</query>
    <theme></theme>
  </item>
  <item>
    <name>今週</name>
    <category>最終更新時間</category>
    <query>$.File.LastWriteTime &gt;= "today.dayofweek =0" $.File.LastWriteTime &lt;= "today"</query>
    <theme></theme>
  </item>
  <item>
    <name>今月</name>
    <category>最終更新時間</category>
    <query>$.File.LastWriteTime &gt;= "today.day =1" $.File.LastWriteTime &lt;= "today"</query>
    <theme></theme>
  </item>
  <item>
    <name>今年</name>
    <category>最終更新時間</category>
    <query>$.File.LastWriteTime &gt;= "today.month =1" $.File.LastWriteTime &lt;= "today"</query>
    <theme></theme>
  </item>
  <item>
    <name>先週</name>
    <category>最終更新時間</category>
    <query>$.File.LastWriteTime &gt;= "today.dayofweek =0 time.day -7" $.File.LastWriteTime &lt; "today.dayofweek =0"</query>
    <theme></theme>
  </item>
  <item>
    <name>先月</name>
    <category>最終更新時間</category>
    <query>$.File.LastWriteTime &gt;= "today.month -1 time.day =1" $.File.LastWriteTime &lt; "today.day =1"</query>
    <theme></theme>
  </item>
  <item>
    <name>去年</name>
    <category>最終更新時間</category>
    <query>$.File.LastWriteTime &gt;= "today.year -1 time.month =1" $.File.LastWriteTime &lt; "today.month =1"</query>
    <theme></theme>
  </item>
  <item>
    <name>今日</name>
    <category>Exif:撮影日時</category>
    <query>$.File.Exif.DateTime.ymd = "today"</query>
    <theme></theme>
  </item>
  <item>
    <name>昨日</name>
    <category>Exif:撮影日時</category>
    <query>$.File.Exif.DateTime.ymd = "today.day -1"</query>
    <theme></theme>
  </item>
  <item>
    <name>一週間以内</name>
    <category>Exif:撮影日時</category>
    <query>$.File.Exif.DateTime &gt;= "today.day -7" $.File.Exif.DateTime &lt;= "today"</query>
    <theme></theme>
  </item>
  <item>
    <name>一ヶ月以内</name>
    <category>Exif:撮影日時</category>
    <query>$.File.Exif.DateTime &gt;= "today.month -1" $.File.Exif.DateTime &lt;= "today"</query>
    <theme></theme>
  </item>
  <item>
    <name>今週</name>
    <category>Exif:撮影日時</category>
    <query>$.File.Exif.DateTime &gt;= "today.dayofweek =0" $.File.Exif.DateTime &lt;= "today"</query>
    <theme></theme>
  </item>
  <item>
    <name>今月</name>
    <category>Exif:撮影日時</category>
    <query>$.File.Exif.DateTime &gt;= "today.day =1" $.File.Exif.DateTime &lt;= "today"</query>
    <theme></theme>
  </item>
  <item>
    <name>今年</name>
    <category>Exif:撮影日時</category>
    <query>$.File.Exif.DateTime &gt;= "today.month =1" $.File.Exif.DateTime &lt;= "today"</query>
    <theme></theme>
  </item>
  <item>
    <name>先週</name>
    <category>Exif:撮影日時</category>
    <query>$.File.Exif.DateTime &gt;= "today.dayofweek =0 time.day -7" $.File.Exif.DateTime &lt; "today.dayofweek =0"</query>
    <theme></theme>
  </item>
  <item>
    <name>先月</name>
    <category>Exif:撮影日時</category>
    <query>$.File.Exif.DateTime &gt;= "today.month -1 time.day =1" $.File.Exif.DateTime &lt; "today.day =1"</query>
    <theme></theme>
  </item>
  <item>
    <name>去年</name>
    <category>Exif:撮影日時</category>
    <query>$.File.Exif.DateTime &gt;= "today.year -1 time.month =1" $.File.Exif.DateTime &lt; "today.month =1"</query>
    <theme></theme>
  </item>
  <item>
    <name>Canon</name>
    <category>Exif:カメラのメーカー</category>
    <query>$.File.Exif.CameraMake IFIND "CANON"</query>
    <theme></theme>
  </item>
  <item>
    <name>Nikon</name>
    <category>Exif:カメラのメーカー</category>
    <query>$.File.Exif.CameraMake IFIND "Nikon"</query>
    <theme></theme>
  </item>
  <item>
    <name>Konicaminolta</name>
    <category>Exif:カメラのメーカー</category>
    <query>$.File.Exif.CameraMake IFIND "Konicaminolta"</query>
    <theme></theme>
  </item>
  <item>
    <name>Fuji</name>
    <category>Exif:カメラのメーカー</category>
    <query>$.File.Exif.CameraMake IFIND "Fuji"</query>
    <theme></theme>
  </item>
  <item>
    <name>Panasonic</name>
    <category>Exif:カメラのメーカー</category>
    <query>$.File.Exif.CameraMake IFIND "Panasonic"</query>
    <theme></theme>
  </item>
  <item>
    <name>Casio</name>
    <category>Exif:カメラのメーカー</category>
    <query>$.File.Exif.CameraMake IFIND "Casio"</query>
    <theme></theme>
  </item>
  <item>
    <name>Ricoh</name>
    <category>Exif:カメラのメーカー</category>
    <query>$.File.Exif.CameraMake IFIND "Ricoh"</query>
    <theme></theme>
  </item>
  <item>
    <name>Sony</name>
    <category>Exif:カメラのメーカー</category>
    <query>$.File.Exif.CameraMake IFIND "Sony"</query>
    <theme></theme>
  </item>
  <item>
    <name>Pentax</name>
    <category>Exif:カメラのメーカー</category>
    <query>$.File.Exif.CameraMake IFIND "Pentax"</query>
    <theme></theme>
  </item>
  <item>
    <name>Sigma</name>
    <category>Exif:カメラのメーカー</category>
    <query>$.File.Exif.CameraMake IFIND "Sigma"</query>
    <theme></theme>
  </item>
</mebiusbox>
