<?xml version="1.0" encoding="UTF-8"?>
<mebiusbox>
  <item>
    <name>active</name>
    <mode>0</mode>
    <fore>#ffffff</fore>
    <back>#000000</back>
    <transparent>0</transparent>
  </item>
  <item>
    <name>active.view</name>
    <mode>3</mode>
    <fore>#000000</fore>
    <back>#0a0a0a</back>
    <transparent>0</transparent>
  </item>
  <item>
    <name>bar.size.view.detail</name>
    <mode>0</mode>
    <fore>#ff0000</fore>
    <back>#00ff00</back>
    <transparent>0</transparent>
  </item>
  <item>
    <name>base</name>
    <mode>0</mode>
    <fore>#000000</fore>
    <back>#ffffff</back>
    <transparent>0</transparent>
  </item>
  <item>
    <name>block.quotation.double.viewer.text</name>
    <mode>0</mode>
    <fore>#0080ff</fore>
    <back>#ffffff</back>
    <transparent>0</transparent>
  </item>
  <item>
    <name>block.quotation.single.viewer.text</name>
    <mode>0</mode>
    <fore>#ff0000</fore>
    <back>#ffffff</back>
    <transparent>0</transparent>
  </item>
  <item>
    <name>comment.block</name>
    <mode>0</mode>
    <fore>#808080</fore>
    <back>#ffffff</back>
    <transparent>0</transparent>
  </item>
  <item>
    <name>comment.line</name>
    <mode>0</mode>
    <fore>#008000</fore>
    <back>#ffffff</back>
    <transparent>0</transparent>
  </item>
  <item>
    <name>constant</name>
    <mode>0</mode>
    <fore>#ffff00</fore>
    <back>#ffffff</back>
    <transparent>0</transparent>
  </item>
  <item>
    <name>filter</name>
    <mode>0</mode>
    <fore>#ffffff</fore>
    <back>#3274d1</back>
    <transparent>0</transparent>
  </item>
  <item>
    <name>focus.item</name>
    <mode>0</mode>
    <fore>#000000</fore>
    <back>#91acef</back>
    <transparent>0</transparent>
  </item>
  <item>
    <name>frame.bar.size.view.detail</name>
    <mode>0</mode>
    <fore>#fffbf0</fore>
    <back>#000000</back>
    <transparent>0</transparent>
  </item>
  <item>
    <name>frame.focus.item.thumb</name>
    <mode>0</mode>
    <fore>#000000</fore>
    <back>#5d5d5d</back>
    <transparent>0</transparent>
  </item>
  <item>
    <name>frame.hover.item.thumb</name>
    <mode>0</mode>
    <fore>#000000</fore>
    <back>#5d5d5d</back>
    <transparent>0</transparent>
  </item>
  <item>
    <name>frame.image.thumb</name>
    <mode>0</mode>
    <fore>#000000</fore>
    <back>#202020</back>
    <transparent>0</transparent>
  </item>
  <item>
    <name>frame.item</name>
    <mode>0</mode>
    <fore>#ffffff</fore>
    <back>#ffffff</back>
    <transparent>0</transparent>
  </item>
  <item>
    <name>frame.item.thumb</name>
    <mode>0</mode>
    <fore>#000000</fore>
    <back>#f0f0f0</back>
    <transparent>0</transparent>
  </item>
  <item>
    <name>frame.item2</name>
    <mode>0</mode>
    <fore>#ffffff</fore>
    <back>#ffffff</back>
    <transparent>0</transparent>
  </item>
  <item>
    <name>frame.select.item.thumb</name>
    <mode>0</mode>
    <fore>#000000</fore>
    <back>#5d5d5d</back>
    <transparent>0</transparent>
  </item>
  <item>
    <name>frame.target.item</name>
    <mode>0</mode>
    <fore>#ffffff</fore>
    <back>#929292</back>
    <transparent>0</transparent>
  </item>
  <item>
    <name>head.item.view</name>
    <mode>0</mode>
    <fore>#0000ff</fore>
    <back>#fffbf0</back>
    <transparent>0</transparent>
  </item>
  <item>
    <name>head.item.view.mix</name>
    <mode>0</mode>
    <fore>#0000ff</fore>
    <back>#fffbf0</back>
    <transparent>95</transparent>
  </item>
  <item>
    <name>hover.filter</name>
    <mode>0</mode>
    <fore>#ffffff</fore>
    <back>#00c902</back>
    <transparent>0</transparent>
  </item>
  <item>
    <name>hover.item</name>
    <mode>1</mode>
    <fore>#000000</fore>
    <back>#f0f0ff</back>
    <transparent>90</transparent>
  </item>
  <item>
    <name>item</name>
    <mode>0</mode>
    <fore>#000000</fore>
    <back>#ffffff</back>
    <transparent>0</transparent>
  </item>
  <item>
    <name>item.thumb</name>
    <mode>0</mode>
    <fore>#000000</fore>
    <back>#ffffff</back>
    <transparent>0</transparent>
  </item>
  <item>
    <name>item2</name>
    <mode>0</mode>
    <fore>#000000</fore>
    <back>#ffffff</back>
    <transparent>0</transparent>
  </item>
  <item>
    <name>keyword</name>
    <mode>0</mode>
    <fore>#0000ff</fore>
    <back>#ffffff</back>
    <transparent>0</transparent>
  </item>
  <item>
    <name>quot.block.quotation.double.viewer.text</name>
    <mode>0</mode>
    <fore>#0000ff</fore>
    <back>#ffffff</back>
    <transparent>0</transparent>
  </item>
  <item>
    <name>quot.block.quotation.single.viewer.text</name>
    <mode>0</mode>
    <fore>#ff0000</fore>
    <back>#ffffff</back>
    <transparent>0</transparent>
  </item>
  <item>
    <name>select</name>
    <mode>0</mode>
    <fore>#000000</fore>
    <back>#adc1f3</back>
    <transparent>0</transparent>
  </item>
  <item>
    <name>select.filter</name>
    <mode>0</mode>
    <fore>#5c5c5c</fore>
    <back>#e0e0ff</back>
    <transparent>0</transparent>
  </item>
  <item>
    <name>selection.view.filter</name>
    <mode>0</mode>
    <fore>#000000</fore>
    <back>#000080</back>
    <transparent>0</transparent>
  </item>
  <item>
    <name>storage</name>
    <mode>0</mode>
    <fore>#ff8000</fore>
    <back>#ffffff</back>
    <transparent>0</transparent>
  </item>
  <item>
    <name>support</name>
    <mode>0</mode>
    <fore>#00ffff</fore>
    <back>#ffffff</back>
    <transparent>0</transparent>
  </item>
  <item>
    <name>system.filter</name>
    <mode>0</mode>
    <fore>#ffffff</fore>
    <back>#c0c0c0</back>
    <transparent>0</transparent>
  </item>
  <item>
    <name>tag</name>
    <mode>0</mode>
    <fore>#ffffff</fore>
    <back>#0080c0</back>
    <transparent>0</transparent>
  </item>
  <item>
    <name>target.item</name>
    <mode>0</mode>
    <fore>#ffffff</fore>
    <back>#004080</back>
    <transparent>0</transparent>
  </item>
  <item>
    <name>target.window</name>
    <mode>0</mode>
    <fore>#fffbf0</fore>
    <back>#004080</back>
    <transparent>0</transparent>
  </item>
  <item>
    <name>window</name>
    <mode>0</mode>
    <fore>#000000</fore>
    <back>#ffffff</back>
    <transparent>0</transparent>
  </item>
  <item>
    <name>window.pane.job</name>
    <mode>0</mode>
    <fore>#000000</fore>
    <back>#a6caf0</back>
    <transparent>0</transparent>
  </item>
  <item>
    <name>window.view</name>
    <mode>0</mode>
    <fore>#000000</fore>
    <back>#ffffff</back>
    <transparent>0</transparent>
  </item>
  <item>
    <name>window.view.thumb</name>
    <mode>0</mode>
    <fore>#000000</fore>
    <back>#ffffff</back>
    <transparent>0</transparent>
  </item>
</mebiusbox>
</xml>
