﻿<?xml version="1.0" encoding="UTF-8" standalone="yes"?>
<updateInfo>
  <version>2.1.1.0</version>
  <url>http://mebiusbox.crap.jp/update/mebiusbox2/update.xml</url>
  <updater>
    <url>http://mebiusbox.crap.jp/update/mebiusbox2/Updater.exe</url>
    <md5>5B3FCE8CD41CECC27862F15E626EB280</md5>
  </updater>
  <changelog>
    <entry>
      <version>2.1.1.0</version>
      <description>  * Fixed: アプリケーションを終了しようとしても、プロセスが残ってしまう場合がある不具合を修正しました。</description>
    </entry>
    <entry>
      <version>2.1.0.0</version>
      <description> * New: セッション機能を追加
 * Fixed: FTP ホスト情報が保存されない不具合を修正しました。
 * Fixed: 一括名前変更において、「追加 > 文字列＋連番」で値を設定すると異常終了する不具合を修正
 * Fixed: 一括名前変更において、「削除 > 末尾から」、「削除 > 指定位置から」、「変換 > 書式変換」が機能していなかった不具合を修正
 * Fixed: 新しいアイテムが追加されている状態で、「更新」をすると、アイテムが重複してしまう不具合を修正
 * Fixed: スマートタグ管理画面において、アイテムを削除すると異常終了する不具合を修正。</description>
    </entry>
    <entry>
      <version>2.0.1.0</version>
      <description> **************************************************
  ［お知らせ］
　アップデータの情報に誤りがありました。
  アーカイブ版の方はアップデータを使ってアップデートしないでください。
  公式サイトから最新版をダウンロードしてください。
**************************************************

 * Fixed: 一部の項目でソートするとアイテムが減ったりする不具合を修正しました。
 * Fixed: FTP の転送モードが「ファイル名で切替」の時、すべてテキストモードで転送していた不具合を修正しました。
 * Fixed: キーカスタマイズ情報の保存ファイル名が不正だった不具合を修正しました。
 * Fixed: Web を開こうとすると以上終了する不具合を修正しました。
 * Fixed: 「アドレスを開く」で「Web」を選択し、URL を入力すると、不正なアドレスを認識してしまう不具合を修正しました。
 * Fixed: 詳細ビュー以外の時に、外部プログラムが起動できない不具合を修正しました。
 * Improved: キーカスタマイズ画面を改善しました。
 * Improved: ソート処理を改善しました。
 * Misc: メニューからウィンドウを削除
      </description>
    </entry>
    <entry>
      <version>2.0.0.0</version>
      <description>* First version</description>
    </entry>
  </changelog>
  <files>
    <entry>
      <filename>Mebiusbox2.exe</filename>
      <url>http://mebiusbox.crap.jp/update/mebiusbox2/Mebiusbox2.exe</url>
      <md5>F1EC43DDC6F8ACF8618C0141B17CCAD2</md5>
    </entry>
	<entry>
      <filename>mebiusbox.columnset.xml</filename>
      <url>http://mebiusbox.crap.jp/update/mebiusbox2/mebiusbox.columnset.xml</url>
      <md5>41fbf071dbe7291b57db9d8d382dcb8d</md5>
    </entry>
	<entry>
      <filename>mebiusbox.command.xml</filename>
      <url>http://mebiusbox.crap.jp/update/mebiusbox2/mebiusbox.command.xml</url>
      <md5>77765e88a8d463f57be66651e3548cb9</md5>
    </entry>
	<entry>
      <filename>mebiusbox.keymap.xml</filename>
      <url>http://mebiusbox.crap.jp/update/mebiusbox2/mebiusbox.keymap.xml</url>
      <md5>dd430d9ea813111db7d2beffd9ff95ba</md5>
    </entry>
	<entry>
      <filename>mebiusbox.filter.xml</filename>
      <url>http://mebiusbox.crap.jp/update/mebiusbox2/mebiusbox.filter.xml</url>
      <md5>eaa746ca06c3f4b1e3c50d0967c2f742</md5>
    </entry>
	<entry>
      <filename>mebiusbox.properties.xml</filename>
      <url>http://mebiusbox.crap.jp/update/mebiusbox2/mebiusbox.properties.xml</url>
      <md5>4350f507315a9789a117e66e5a83c3fa</md5>
    </entry>
	<entry>
      <filename>mebiusbox.theme.xml</filename>
      <url>http://mebiusbox.crap.jp/update/mebiusbox2/mebiusbox.theme.xml</url>
      <md5>c66803bfb0b97d5095b5e65ff84f09c7</md5>
    </entry>
	<entry>
      <filename>mebiusbox.view.keymap.xml</filename>
      <url>http://mebiusbox.crap.jp/update/mebiusbox2/mebiusbox.view.keymap.xml</url>
      <md5>975efc7c44103fb3645e38973057cc6f</md5>
    </entry>
	<entry>
      <filename>iconv.dll</filename>
      <url>http://mebiusbox.crap.jp/update/mebiusbox2/iconv.dll</url>
      <md5>007C2E2C6C017DE7F2CC787B10156288</md5>
    </entry>
	<entry>
      <filename>msvcp71.dll</filename>
      <url>http://mebiusbox.crap.jp/update/mebiusbox2/msvcp71.dll</url>
      <md5>561FA2ABB31DFA8FAB762145F81667C2</md5>
    </entry>
	<entry>
      <filename>msvcr71.dll</filename>
      <url>http://mebiusbox.crap.jp/update/mebiusbox2/msvcr71.dll</url>
      <md5>86F1895AE8C5E8B17D99ECE768A70732</md5>
    </entry>
	<entry>
      <filename>onig.dll</filename>
      <url>http://mebiusbox.crap.jp/update/mebiusbox2/onig.dll</url>
      <md5>0EBA6D6520384AEFD4549F6D03DD6E18</md5>
    </entry>
	<entry>
      <filename>parsifal.dll</filename>
      <url>http://mebiusbox.crap.jp/update/mebiusbox2/parsifal.dll</url>
      <md5>BB4EE87709173A16B5C90534C76E6628</md5>
    </entry>
	<entry>
      <filename>sqlite3.dll</filename>
      <url>http://mebiusbox.crap.jp/update/mebiusbox2/sqlite3.dll</url>
      <md5>c1646b257a066907877e1fa9048de284</md5>
    </entry>
	<entry>
      <filename>sqlite3_mod_regexp_onig.dll</filename>
      <url>http://mebiusbox.crap.jp/update/mebiusbox2/sqlite3_mod_regexp_onig.dll</url>
      <md5>86d23142440c400f10a556f3c43c6f3a</md5>
    </entry>
	<entry>
      <filename>cximageu.dll</filename>
      <url>http://mebiusbox.crap.jp/update/mebiusbox2/cximageu.dll</url>
      <md5>4fdaadbbbb400f2049042807924e6746</md5>
    </entry>
	<entry>
      <filename>GenThumb.exe</filename>
      <url>http://mebiusbox.crap.jp/update/mebiusbox2/GenThumb.exe</url>
      <md5>adbdb260adc6f7353ed383fa80ef9805</md5>
    </entry>
	<entry>
      <filename>changelog.txt</filename>
      <url>http://mebiusbox.crap.jp/update/mebiusbox2/changelog.txt</url>
      <md5>4f1b901950cf3f72ef5df94c32ac827c</md5>
    </entry>
	<entry>
      <filename>readme_j.txt</filename>
      <url>http://mebiusbox.crap.jp/update/mebiusbox2/readme_j.txt</url>
      <md5>79ed005aa3ca77f091812e2744538b70</md5>
    </entry>
	<entry>
      <filename>Updater.ini</filename>
      <url>http://mebiusbox.crap.jp/update/mebiusbox2/Updater.ini</url>
      <md5>8b5a3bff9bdd9b8da97a940bbfa665b1</md5>
    </entry>
	<entry>
      <filename>Updater.txt</filename>
      <url>http://mebiusbox.crap.jp/update/mebiusbox2/Updater.txt</url>
      <md5>298f8c39d10d291be8b99ad195eb6c32</md5>
    </entry>
	<entry>
      <filename>syntaxes\c++.plist</filename>
      <url>http://mebiusbox.crap.jp/update/mebiusbox2/syntaxes/c++.plist</url>
      <md5>35e94ba07d2b80f3e38f831208e7aaf1</md5>
    </entry>
	<entry>
      <filename>syntaxes\css.plist</filename>
      <url>http://mebiusbox.crap.jp/update/mebiusbox2/syntaxes/css.plist</url>
      <md5>ca9c21752936af13007ae28399ed520d</md5>
    </entry>
	<entry>
      <filename>syntaxes\html.plist</filename>
      <url>http://mebiusbox.crap.jp/update/mebiusbox2/syntaxes/html.plist</url>
      <md5>1c03574b1dc4e18ca4b09a9f3741bed7</md5>
    </entry>
	<entry>
      <filename>syntaxes\PlaneText.plist</filename>
      <url>http://mebiusbox.crap.jp/update/mebiusbox2/syntaxes/PlaneText.plist</url>
      <md5>d7d938c69269f420989a03c33a92c81f</md5>
    </entry>
  </files>
</updateInfo>
