<?xml version="1.0" encoding="UTF-8" standalone="yes"?>
<codemage>
	<keymapitem>
		<command>open-file</command>
		<key>C-o</key>
	</keymapitem>
	<keymapitem>
		<command>save-file</command>
		<key>C-s</key>
	</keymapitem>
	<keymapitem>
		<command>save-all-files</command>
		<key>S-C-s</key>
	</keymapitem>
	<keymapitem>
		<command>close-tab</command>
		<key>C-w</key>
	</keymapitem>
	<keymapitem>
		<command>close-all-tabs</command>
		<key>S-C-w</key>
	</keymapitem>
	<keymapitem>
		<command>next-tab</command>
		<key>C-Tab</key>
	</keymapitem>
	<keymapitem>
		<command>prev-tab</command>
		<key>S-C-Tab</key>
	</keymapitem>
	<keymapitem>
		<command>goto-tab</command>
		<key>C-0</key>
	</keymapitem>
	<keymapitem>
		<command>goto-file</command>
		<key>S-C-t</key>
	</keymapitem>
	<keymapitem>
		<command>forward-char</command>
		<key>Right</key>
	</keymapitem>
	<keymapitem>
		<command>backward-char</command>
		<key>Left</key>
	</keymapitem>
	<keymapitem>
		<command>forward-word</command>
		<key>C-Right</key>
	</keymapitem>
	<keymapitem>
		<command>backward-word</command>
		<key>C-Left</key>
	</keymapitem>
	<keymapitem>
		<command>next-virtual-line</command>
		<key>Down</key>
	</keymapitem>
	<keymapitem>
		<command>prev-virtual-line</command>
		<key>Up</key>
	</keymapitem>
	<keymapitem>
		<command>next-page</command>
		<key>PageDown</key>
	</keymapitem>
	<keymapitem>
		<command>prev-page</command>
		<key>PageUp</key>
	</keymapitem>
	<keymapitem>
		<command>recenter</command>
		<key>C-l</key>
	</keymapitem>
	<keymapitem>
		<command>beginning-of-line2</command>
		<key>Home</key>
	</keymapitem>
	<keymapitem>
		<command>end-of-line</command>
		<key>End</key>
	</keymapitem>
	<keymapitem>
		<command>beginning-of-buffer</command>
		<key>C-Home</key>
	</keymapitem>
	<keymapitem>
		<command>end-of-buffer</command>
		<key>C-End</key>
	</keymapitem>
	<keymapitem>
		<command>newline-and-indent</command>
		<key>Ret</key>
	</keymapitem>
	<keymapitem>
		<command>delete-char-or-selection</command>
		<key>Del</key>
	</keymapitem>
	<keymapitem>
		<command>delete-backward-char-or-selection</command>
		<key>Bs</key>
	</keymapitem>
	<keymapitem>
		<command>copy-selection-to-clipboard</command>
		<key>C-c</key>
	</keymapitem>
	<keymapitem>
		<command>kill-selection-to-clipboard</command>
		<key>C-x</key>
	</keymapitem>
	<keymapitem>
		<command>paste-from-clipboard</command>
		<key>C-v</key>
	</keymapitem>
	<keymapitem>
		<command>undo</command>
		<key>C-z</key>
	</keymapitem>
	<keymapitem>
		<command>redo</command>
		<key>C-y</key>
	</keymapitem>
	<keymapitem>
		<command>unindent</command>
		<key>S-Tab</key>
	</keymapitem>
	<keymapitem>
		<command>find</command>
		<key>S-C-f</key>
	</keymapitem>
	<keymapitem>
		<command>find-next</command>
		<key>F3</key>
	</keymapitem>
	<keymapitem>
		<command>find-prev</command>
		<key>S-F3</key>
	</keymapitem>
	<keymapitem>
		<command>qsearch</command>
		<key>C-f</key>
	</keymapitem>
	<keymapitem>
		<command>find-and-replace</command>
		<key>C-r</key>
	</keymapitem>
	<keymapitem>
		<command>isearch</command>
		<key>C-i</key>
	</keymapitem>
	<keymapitem>
		<command>selection-forward-char</command>
		<key>S-Right</key>
	</keymapitem>
	<keymapitem>
		<command>selection-backward-char</command>
		<key>S-Left</key>
	</keymapitem>
	<keymapitem>
		<command>selection-next-virtual-line</command>
		<key>S-Down</key>
	</keymapitem>
	<keymapitem>
		<command>selection-prev-virtual-line</command>
		<key>S-Up</key>
	</keymapitem>
	<keymapitem>
		<command>selection-next-page</command>
		<key>S-PageDown</key>
	</keymapitem>
	<keymapitem>
		<command>selection-prev-page</command>
		<key>S-PageUp</key>
	</keymapitem>
	<keymapitem>
		<command>selection-whole-buffer</command>
		<key>C-a</key>
	</keymapitem>
	<keymapitem>
		<command>selection-beginning-of-line</command>
		<key>S-Home</key>
	</keymapitem>
	<keymapitem>
		<command>selection-end-of-line</command>
		<key>S-End</key>
	</keymapitem>
	<keymapitem>
		<command>bookmark</command>
		<key>C-F2</key>
	</keymapitem>
	<keymapitem>
		<command>next-bookmark</command>
		<key>F2</key>
	</keymapitem>
	<keymapitem>
		<command>prev-bookmark</command>
		<key>S-F2</key>
	</keymapitem>
	<keymapitem>
		<command>remove-all-bookmarks</command>
		<key>S-C-F2</key>
	</keymapitem>
	<keymapitem>
		<command>goto-header-source</command>
		<key>M-C-Up</key>
	</keymapitem>
	<keymapitem>
		<command>goto-matching-bracket</command>
		<key>C-b</key>
	</keymapitem>
	<keymapitem>
		<command>goto-symbol</command>
		<key>C-m</key>
	</keymapitem>
	<keymapitem>
		<command>goto-line</command>
		<key>C-g</key>
	</keymapitem>
	<keymapitem>
		<command>toggle-fold</command>
		<key>F1</key>
	</keymapitem>
	<keymapitem>
		<command>fold-all</command>
		<key>C-F1</key>
	</keymapitem>
	<keymapitem>
		<command>fold-others</command>
		<key>M-F1</key>
	</keymapitem>
	<keymapitem>
		<command>unfold-all</command>
		<key>M-C-F1</key>
	</keymapitem>
	<keymapitem>
		<command>tab-trigger</command>
		<key>Tab</key>
	</keymapitem>
	<keymapitem>
		<command>execute-line-inserting-result</command>
		<key>M-C-r</key>
	</keymapitem>
	<keymapitem>
		<command>filter-through-command</command>
		<key>C-h</key>
	</keymapitem>
	<keymapitem>
		<command>completion</command>
		<key>Esc</key>
	</keymapitem>
	<keymapitem>
		<command>spell-completion</command>
		<key>C-Spc</key>
	</keymapitem>
	<keymapitem>
		<command>select-bundle-item</command>
		<key>M-C-t</key>
	</keymapitem>
	<keymapitem>
		<command>input-command</command>
		<key>M-x</key>
	</keymapitem>
</codemage>
