<?xml version="1.0" encoding="UTF-8" standalone="yes"?>
<codemage>
	<command>
		<name>open-file</name>
		<description>開く</description>
	</command>
	<command>
		<name>save-file</name>
		<description>保存する</description>
	</command>
	<command>
		<name>save-all-files</name>
		<description>すべて保存する</description>
	</command>
	<command>
		<name>reload</name>
		<description>開き直す</description>
	</command>
	<command>
		<name>reload-jis</name>
		<description>開き直す(JIS)</description>
	</command>
	<command>
		<name>reload-sjis</name>
		<description>開き直す(SJIS)</description>
	</command>
	<command>
		<name>reload-euc-jp</name>
		<description>開き直す(EUC-JP)</description>
	</command>
	<command>
		<name>reload-utf8</name>
		<description>開き直す(UTF-8)</description>
	</command>
	<command>
		<name>reload-utf7</name>
		<description>開き直す(UTF-7)</description>
	</command>
	<command>
		<name>reload-utf16le</name>
		<description>開き直す(UNICODE)</description>
	</command>
	<command>
		<name>reload-utf16be</name>
		<description>開き直す(UNICODE-BE)</description>
	</command>
	<command>
		<name>close-tab</name>
		<description>タブを閉じる</description>
	</command>
	<command>
		<name>close-all-tabs</name>
		<description>すべてのタブを閉じる</description>
	</command>
	<command>
		<name>close-other-tabs</name>
		<description>カレント以外のタブを閉じる</description>
	</command>
	<command>
		<name>close-all-tabs-no-save</name>
		<description>すべてのタブを閉じる（保存しない）</description>
	</command>
	<command>
		<name>close-other-tabs-no-save</name>
		<description>カレント以外のタブを閉じる（保存しない）</description>
	</command>
	<command>
		<name>next-tab</name>
		<description>次のタブ</description>
	</command>
	<command>
		<name>prev-tab</name>
		<description>前のタブ</description>
	</command>
	<command>
		<name>goto-tab</name>
		<description>タブを指定</description>
	</command>
	<command>
		<name>goto-file</name>
		<description>ファイルを指定</description>
	</command>
	<command>
		<name>option</name>
		<description>オプション</description>
	</command>
	<command>
		<name>forward-char</name>
		<description>一文字進める</description>
	</command>
	<command>
		<name>backward-char</name>
		<description>一文字戻る</description>
	</command>
	<command>
		<name>forward-word</name>
		<description>次の単語へ</description>
	</command>
	<command>
		<name>backward-word</name>
		<description>前の単語へ</description>
	</command>
	<command>
		<name>next-virtual-line</name>
		<description>下の行へ</description>
	</command>
	<command>
		<name>prev-virtual-line</name>
		<description>上の行へ</description>
	</command>
	<command>
		<name>next-page</name>
		<description>次のページへ</description>
	</command>
	<command>
		<name>prev-page</name>
		<description>前のページへ</description>
	</command>
	<command>
		<name>recenter</name>
		<description>現在の行を中央に表示</description>
	</command>
	<command>
		<name>beginning-of-line</name>
		<description>行の先頭へ</description>
	</command>
	<command>
		<name>beginning-of-line2</name>
		<description>行の先頭へ（トグル）</description>
	</command>
	<command>
		<name>end-of-line</name>
		<description>行の末尾へ</description>
	</command>
	<command>
		<name>beginning-of-buffer</name>
		<description>ファイルの先頭へ</description>
	</command>
	<command>
		<name>end-of-buffer</name>
		<description>ファイルの末尾へ</description>
	</command>
	<command>
		<name>newline</name>
		<description>改行</description>
	</command>
	<command>
		<name>newline-and-indent</name>
		<description>改行（インデントあり）</description>
	</command>
	<command>
		<name>newline-and-smart-indent</name>
		<description>改行（スマートインデント）</description>
	</command>
	<command>
		<name>delete-char-or-selection</name>
		<description>次の文字、もしくは選択範囲を削除</description>
	</command>
	<command>
		<name>delete-backward-char-or-selection</name>
		<description>前の文字、もしくは選択範囲を削除</description>
	</command>
	<command>
		<name>copy-selection-to-clipboard</name>
		<description>コピー</description>
	</command>
	<command>
		<name>kill-selection-to-clipboard</name>
		<description>カット</description>
	</command>
	<command>
		<name>paste-from-clipboard</name>
		<description>ペースト</description>
	</command>
	<command>
		<name>undo</name>
		<description>元に戻す</description>
	</command>
	<command>
		<name>redo</name>
		<description>やり直す</description>
	</command>
	<command>
		<name>indent</name>
		<description>インデント</description>
	</command>
	<command>
		<name>unindent</name>
		<description>インデント解除</description>
	</command>
	<command>
		<name>indent-line</name>
		<description>行のインデントを整える</description>
	</command>
	<command>
		<name>smart-indent-line</name>
		<description>前行のインデントに合わせる</description>
	</command>
	<command>
		<name>delete-line</name>
		<description>行を削除</description>
	</command>
	<command>
		<name>empty-line</name>
		<description>行を空にする</description>
	</command>
	<command>
		<name>clear-buffer</name>
		<description>すべて削除</description>
	</command>
	<command>
		<name>find</name>
		<description>検索</description>
	</command>
	<command>
		<name>find-in-project</name>
		<description>プロジェクト内を検索</description>
	</command>
	<command>
		<name>find-next</name>
		<description>次を検索</description>
	</command>
	<command>
		<name>find-prev</name>
		<description>前を検索</description>
	</command>
	<command>
		<name>qsearch</name>
		<description>クイック検索</description>
	</command>
	<command>
		<name>isearch</name>
		<description>インクリメンタルサーチ</description>
	</command>
	<command>
		<name>replace-all</name>
		<description>全てを置換</description>
	</command>
	<command>
		<name>replace-all-in-selection</name>
		<description>選択範囲内で全て置換</description>
	</command>
	<command>
		<name>find-and-replace</name>
		<description>検索と置換</description>
	</command>
	<command>
		<name>grep</name>
		<description>Grep</description>
	</command>
	<command>
		<name>gresreg</name>
		<description>Gresreg</description>
	</command>
	<command>
		<name>to-upper</name>
		<description>大文字に変換</description>
	</command>
	<command>
		<name>to-lower</name>
		<description>小文字に変換</description>
	</command>
	<command>
		<name>to-title-case</name>
		<description>タイトルケース変換</description>
	</command>
	<command>
		<name>to-pascal-case</name>
		<description>Pascal形式変換</description>
	</command>
	<command>
		<name>to-camel-case</name>
		<description>Camel形式に変換</description>
	</command>
	<command>
		<name>to-hankaku</name>
		<description>半角に変換</description>
	</command>
	<command>
		<name>to-hankaku-alnum</name>
		<description>アルファベットと数字を半角に変換</description>
	</command>
	<command>
		<name>to-hankaku-kana</name>
		<description>カナ文字を半角に変換</description>
	</command>
	<command>
		<name>to-zenkaku</name>
		<description>全角に変換</description>
	</command>
	<command>
		<name>to-zenkaku-alnum</name>
		<description>アルファベットと数字を全角に変換</description>
	</command>
	<command>
		<name>to-zenkaku-kana</name>
		<description>カナ文字を全角に変換</description>
	</command>
	<command>
		<name>spaces-to-tabs</name>
		<description>空白をタブに変換</description>
	</command>
	<command>
		<name>tabs-to-spaces</name>
		<description>タブを空白に変換</description>
	</command>
	<command>
		<name>selection-forward-char</name>
		<description>次の文字を選択</description>
	</command>
	<command>
		<name>selection-backward-char</name>
		<description>前の文字を選択</description>
	</command>
	<command>
		<name>selection-next-virtual-line</name>
		<description>次の行を選択</description>
	</command>
	<command>
		<name>selection-prev-virtual-line</name>
		<description>前の行を選択</description>
	</command>
	<command>
		<name>selection-next-page</name>
		<description>次のページを選択</description>
	</command>
	<command>
		<name>selection-prev-page</name>
		<description>前のページを選択</description>
	</command>
	<command>
		<name>selection-whole-buffer</name>
		<description>すべて選択</description>
	</command>
	<command>
		<name>selection-beginning-of-line</name>
		<description>行の先頭まで選択</description>
	</command>
	<command>
		<name>selection-end-of-line</name>
		<description>行の末尾まで選択</description>
	</command>
	<command>
		<name>bookmark</name>
		<description>ブックマークを設定／解除</description>
	</command>
	<command>
		<name>next-bookmark</name>
		<description>次のブックマークへ</description>
	</command>
	<command>
		<name>prev-bookmark</name>
		<description>前のブックマークへ</description>
	</command>
	<command>
		<name>remove-all-bookmarks</name>
		<description>すべてのブックマークを削除</description>
	</command>
	<command>
		<name>goto-header-source</name>
		<description>ヘッダファイルとソースファイルを切り替える</description>
	</command>
	<command>
		<name>goto-matching-bracket</name>
		<description>対応する括弧に移動</description>
	</command>
	<command>
		<name>goto-symbol</name>
		<description>シンボル移動</description>
	</command>
	<command>
		<name>goto-line</name>
		<description>行移動</description>
	</command>
	<command>
		<name>toggle-fold</name>
		<description>折り畳みを切り替える</description>
	</command>
	<command>
		<name>fold-all</name>
		<description>すべて折り畳む</description>
	</command>
	<command>
		<name>fold-others</name>
		<description>カレント以外を折り畳む</description>
	</command>
	<command>
		<name>unfold-all</name>
		<description>すべて展開</description>
	</command>
	<command>
		<name>tab-trigger</name>
		<description>スニペット挿入</description>
	</command>
	<command>
		<name>execute-line-inserting-result</name>
		<description>現在の行を実行し、結果を挿入</description>
	</command>
	<command>
		<name>execute-line-and-replace-with-result</name>
		<description>現在の行を実行し、結果を行と置き換える</description>
	</command>
	<command>
		<name>filter-through-command</name>
		<description>コマンドに渡す</description>
	</command>
	<command>
		<name>completion</name>
		<description>補完</description>
	</command>
	<command>
		<name>spell-completion</name>
		<description>英単語補完</description>
	</command>
	<command>
		<name>update-scope</name>
		<description>全てのテキストのスコープを更新する</description>
	</command>
	<command>
		<name>update-folding</name>
		<description>全ての折り畳みを更新する</description>
	</command>
	<command>
		<name>select-bundle-item</name>
		<description>バンドルアイテムを選択</description>
	</command>
	<command>
		<name>input-command</name>
		<description>コマンドを入力</description>
	</command>
</codemage>
