﻿<?xml version="1.0" encoding="UTF-8" standalone="yes"?>
<updateInfo>
  <version>0.5.5.0</version>
  <url>http://mebiusbox.crap.jp/update/codemage/update.xml</url>
  <updater>
    <url>http://mebiusbox.crap.jp/update/codemage/Updater.exe</url>
    <md5>5B3FCE8CD41CECC27862F15E626EB280</md5>
  </updater>
  <changelog>
    <entry>
      <version>0.5.5.0</version>
      <description> * Improved: キーストローク処理を見直し。
 * Improved: スニペット入力中に、別のコマンドを利用できるようにしました。
 * Fixed: 文字入力時に、その行のインデントが減少する場合、インデント調整が行われない不具合を修正しました。
 * Fixed: GoTo Line で、１行ずれていた不具合を修正しました。
 * Fixed: GoTo Line で、ダイアログのスピンコントロールが機能していなかった不具合を修正しました。
 * Fixed: 編集中のファイルが外部で変更され、CodeMageがアクティブになったときにリロードをすると、その後の編集がおかしくなる不具合を修正しました。
      </description>
    </entry>
    <entry>
      <version>0.5.4.0</version>
      <description> * Added: ショートカット一覧機能を追加しました。
 * Added: コマンド「beginning-of-line2」 を追加しました。
 * Added: コマンド「input-command」を追加しました。
 * Improved: ファイルを開いていない状態のメインメニューの項目を変更しました。
 * Improved: ダブルクリックによる単語選択を改善しました。
 * Fixed: メインメニューの「編集 > プロジェクト内を置換」が使用できなかった不具合を修正しました。
 * Misc: 標準キーマップで、「Home」ボタンに割り当てていた「beginning-of-line」を「beginning-of-line2」に変更しました。
 * Misc: 標準キーマップに、「input-command」を「M-x」に割り当てました。
      </description>
    </entry>
    <entry>
      <version>0.5.3.0</version>
      <description> * Misc: 言語文法の $base の扱いを変更しました。
 * Fixed: 「選択範囲内をすべて置換」が機能していなかった不具合を修正しました。
 * Fixed: テキストを選択した状態において、「すべて置換」を実行しても機能していなかった不具合を修正しました。
 * Fixed: 行選択状態でペーストすると異常終了する不具合を修正しました。
 * Fixed: 箱型選択状態で削除すると、先頭行まで削除する不具合を修正しました。
 * Fixed: ファイル読み込み時に、最後の行が空行だった場合、読み飛ばしてしまう不具合を修正しました。
      </description>
    </entry>
    <entry>
      <version>0.5.2.0</version>
      <description> * Fixed: ステータスバー上で、文字エンコーディングを変更したときに、異常終了する不具合を修正しました。
 *  Misc: ステータスバー上で、文字エンコーディングを変更したときは、再読込しないようにしました。保存時のみ影響します。
 * Fixed: オプションの文字エンコーディングの設定が正常に保存されない不具合を修正しました。
      </description>
    </entry>
    <entry>
      <version>0.5.1.0</version>
      <description> * Misc: バンドルのリポジトリ「http://github.com/textmate/」に対応しました。
 * Improved: バンドル管理画面を改善しました。
      </description>
    </entry>
    <entry>
      <version>0.5.0.0</version>
      <description> * Misc: 行データの管理構造を変更しました。
 * Misc: その他、色々と改善・変更しました。
 * Improved: スコープ、折り畳み、インデント、シンボルの更新処理を改善しました。
      </description>
    </entry>
    <entry>
      <version>0.4.1.0</version>
      <description> * Improved: アクティブ時に、開いているファイルが変更されているかどうかチェックするようにしました。
 * Improved: 検索に一致した文字をハイライトするようにしました。
 * Fixed: ファイルを切り替えた時、ステータスバーの内容が更新されていなかった不具合を修正しました。
 * Fixed: 一部のスニペットが正常に展開されない不具合を修正しました。
 * Fixed: 検索したときに、見つかった位置が表示されない場合がある不具合を修正しました。
 * Fixed: 検索関連でいくつか修正しました。
 * Fixed: 正規表現による検索置換が正常に機能していなかった不具合を修正しました。
 * Added: New command 'newline-and-smart-indent'
 * Added: New command 'indent-line'
 * Added: New command 'smart-indent-line'
      </description>
    </entry>
    <entry>
      <version>0.4.0.0</version>
      <description> * Added: 折り畳み機能を実装しました。
 * Added: 全てのテキストに対して、折り畳み情報を更新するコマンドを追加しました。
 * Added: ツールバーにアイコンを追加しました。
 * Added: オプションに項目を追加しました。
 * Misc: メニューアイコンを一部変更しました。
      </description>
    </entry>
    <entry>
      <version>0.3.0.0</version>
      <description> * Improved: スコープの割り当て処理を大幅に見直しました。
 * Added: コマンド入力機能を追加しました。(Tool > Command...)
 * Added: 全てのテキストに対して、スコープを再割り当てするコマンドを追加しました。
 * Added: ツールバーを新たに追加しました。
 * Misc: メニューアイコンを追加しました。
 * Fixed: バンドルエディタで、バンドル項目内の Menu を選択すると異常終了する場合がある不具合を修正しました。
      </description>
    </entry>
    <entry>
      <version>0.2.1.0</version>
      <description> * Improved: マウスホイールでのスクロール行を設定できるようにしました。
 * Fixed: ファイルを開いており、かつ、言語を設定している状態で、バンドル管理画面を開き「OK」を選択した後に、ファイルを編集すると異常終了してしまう不具合を修正しました。
 * Fixed: 一部のスニペットを実行すると強制終了する不具合を修正しました。
 * Fixed: スニペット中の環境変数が展開されない場合がある不具合を修正しました。
 * Fixed: バンドルエディタで編集した内容がすぐに反映されない場合がある不具合を修正しました。
 * Fixed: 一部のコマンドが動作しない不具合を修正しました。
 * Fixed: メインメニューから「Goto File...」が正常に動作しない不具合を修正しました。
 * Fixed: 「Goto File...」のダイアログで正常に表示されない場合がある不具合を修正しました。
      </description>
    </entry>
    <entry>
      <version>0.2.0.0</version>
      <description>* Added: ソフトウェア更新機能を追加しました。</description>
    </entry>
    <entry>
      <version>0.1.0.0</version>
      <description>* First version</description>
    </entry>
  </changelog>
  <files>
    <entry>
      <filename>CodeMage.exe</filename>
      <url>http://mebiusbox.crap.jp/update/codemage/CodeMage.exe</url>
      <md5>FC32D16B98E105DEC3CFE875013AA05B</md5>
    </entry>
	<entry>
      <filename>CodeMage.command.xml</filename>
      <url>http://mebiusbox.crap.jp/update/codemage/CodeMage.command.xml</url>
      <md5>A8D242EE6B1CC44AFBD6D15A4C36C28A</md5>
    </entry>
	<entry>
      <filename>CodeMage.keymap.xml</filename>
      <url>http://mebiusbox.crap.jp/update/codemage/CodeMage.keymap.xml</url>
      <md5>BD7E426A88746CDF02035E4F8058FD93</md5>
    </entry>
	<entry>
      <filename>iconv.dll</filename>
      <url>http://mebiusbox.crap.jp/update/codemage/iconv.dll</url>
      <md5>007C2E2C6C017DE7F2CC787B10156288</md5>
    </entry>
	<entry>
      <filename>msvcp71.dll</filename>
      <url>http://mebiusbox.crap.jp/update/codemage/msvcp71.dll</url>
      <md5>561FA2ABB31DFA8FAB762145F81667C2</md5>
    </entry>
	<entry>
      <filename>msvcr71.dll</filename>
      <url>http://mebiusbox.crap.jp/update/codemage/msvcr71.dll</url>
      <md5>86F1895AE8C5E8B17D99ECE768A70732</md5>
    </entry>
	<entry>
      <filename>onig.dll</filename>
      <url>http://mebiusbox.crap.jp/update/codemage/onig.dll</url>
      <md5>0EBA6D6520384AEFD4549F6D03DD6E18</md5>
    </entry>
	<entry>
      <filename>parsifal.dll</filename>
      <url>http://mebiusbox.crap.jp/update/codemage/parsifal.dll</url>
      <md5>BB4EE87709173A16B5C90534C76E6628</md5>
    </entry>
	<entry>
      <filename>doc\ChangeLog.txt</filename>
      <url>http://mebiusbox.crap.jp/update/codemage/doc/ChangeLog.txt</url>
      <md5>2AA16C9D05BB7D12C93C82A957A2A382</md5>
    </entry>
	<entry>
      <filename>doc\CodeMage.txt</filename>
      <url>http://mebiusbox.crap.jp/update/codemage/doc/CodeMage.txt</url>
      <md5>84BC3A957882AD3F73DEDEB93F56BE67</md5>
    </entry>
	<entry>
      <filename>doc\readme_j.txt</filename>
      <url>http://mebiusbox.crap.jp/update/codemage/doc/readme_j.txt</url>
      <md5>D359474C2221AE60A48375E1018F07F7</md5>
    </entry>
	<entry>
      <filename>Updater.ini</filename>
      <url>http://mebiusbox.crap.jp/update/codemage/Updater.ini</url>
      <md5>0F1C9E6E008A71BB999DF20907C0F7E6</md5>
    </entry>
	<entry>
      <filename>Updater.txt</filename>
      <url>http://mebiusbox.crap.jp/update/codemage/Updater.txt</url>
      <md5>298F8C39D10D291BE8B99AD195EB6C32</md5>
    </entry>
  </files>
</updateInfo>
